DGsolv,comment,can_smiles_solvent,can_smiles_solute
0,for_solvent_tsne,C/C=C/CCCCCCCCCCCC,O
0,for_solvent_tsne,C#C,O
0,for_solvent_tsne,CCCC(C)CC=O,O
0,for_solvent_tsne,CCSSC,O
0,for_solvent_tsne,C=C(C)/C=C/C,O
0,for_solvent_tsne,CNC,O
0,for_solvent_tsne,CCC(C)CO,O
0,for_solvent_tsne,Cc1ccc(C)c(C)c1,O
0,for_solvent_tsne,CCC1(C)CCCC1,O
0,for_solvent_tsne,O=C1CCCN1,O
0,for_solvent_tsne,CCCCCS,O
0,for_solvent_tsne,OCCCOCCCO,O
0,for_solvent_tsne,CCCOC=O,O
0,for_solvent_tsne,CCc1ccccc1O,O
0,for_solvent_tsne,FC(F)(F)C(F)(F)C(F)(F)C(F)(F)C(F)(F)C(F)(F)C(F)(F)C(F)(F)F,O
0,for_solvent_tsne,OCCC(O)CO,O
0,for_solvent_tsne,CCc1ccccc1C,O
0,for_solvent_tsne,CC(C)CCCC(C)CCO,O
0,for_solvent_tsne,C#CCCl,O
0,for_solvent_tsne,O=C(O)C(F)(F)C(F)(F)C(F)(F)F,O
0,for_solvent_tsne,CCC(O)c1ccccc1,O
0,for_solvent_tsne,C/C=C(\C)c1ccccc1,O
0,for_solvent_tsne,CS,O
0,for_solvent_tsne,CC(=O)OC(C)OC(C)=O,O
0,for_solvent_tsne,C/C=C/CCc1ccccc1C,O
0,for_solvent_tsne,C=Cc1cccc(C=C)c1,O
0,for_solvent_tsne,C=C(C)CCCCCCC,O
0,for_solvent_tsne,C=C(C)CC,O
0,for_solvent_tsne,FCCl,O
0,for_solvent_tsne,CCCc1cccs1,O
0,for_solvent_tsne,CCC(C)OC(C)(C)C,O
0,for_solvent_tsne,C=COC,O
0,for_solvent_tsne,CCCCCc1ccccc1,O
0,for_solvent_tsne,CCCCCCCCCCCC(C)C,O
0,for_solvent_tsne,CCSSC(C)(C)C,O
0,for_solvent_tsne,N#CCCCCC#N,O
0,for_solvent_tsne,C=C(C)C(C)=O,O
0,for_solvent_tsne,CCCCCN(CCCCC)CCCCC,O
0,for_solvent_tsne,C#CC,O
0,for_solvent_tsne,O=C1CCCCC1C1CCCCC1,O
0,for_solvent_tsne,Cc1ccc(N=C=O)cc1N=C=O,O
0,for_solvent_tsne,C=C[C@H]1COC(=O)O1,O
0,for_solvent_tsne,CCCCCCCCC=CCCCCCCCC(=O)OCC(COC(=O)CCCCCCCC=CCCCCCCCC)OC(=O)CCCCCCCC=CCCCCCCCC,O
0,for_solvent_tsne,CCCCCCCCCc1ccccc1,O
0,for_solvent_tsne,Cc1cccc(C)c1,O
0,for_solvent_tsne,CCCCCOC=O,O
0,for_solvent_tsne,N#CCl,O
0,for_solvent_tsne,CCCCCC(C)C=O,O
0,for_solvent_tsne,NCCN1CCNCC1,O
0,for_solvent_tsne,CCCCOCCOCCOC(C)=O,O
0,for_solvent_tsne,CCCCCCCCCC(C)C,O
0,for_solvent_tsne,CCOS(=O)OCC,O
0,for_solvent_tsne,CI,O
0,for_solvent_tsne,CC(C)C1CCCC1,O
0,for_solvent_tsne,FC1(F)C(F)(F)C(F)(F)C1(F)F,O
0,for_solvent_tsne,CC(C)OCCO,O
0,for_solvent_tsne,CC(C)C(=O)OC(=O)C(C)C,O
0,for_solvent_tsne,FC(Cl)Cl,O
0,for_solvent_tsne,CC(C)O,O
0,for_solvent_tsne,CC(=O)OCCC(C)C,O
0,for_solvent_tsne,FC(F)(F)C(F)(F)C(F)(F)C(F)(F)C(F)(F)F,O
0,for_solvent_tsne,CCF,O
0,for_solvent_tsne,CC(C)CCCC(C)C,O
0,for_solvent_tsne,CCCCCCC(C)CC,O
0,for_solvent_tsne,C=C(C)C(=O)OCCOC(=O)CC(C)=O,O
0,for_solvent_tsne,Clc1cccc2ccccc12,O
0,for_solvent_tsne,CCCCCCCCCC(CC)CC,O
0,for_solvent_tsne,O=CC=O,O
0,for_solvent_tsne,CCCOC(C)=O,O
0,for_solvent_tsne,Nc1cccc(Cl)c1,O
0,for_solvent_tsne,FC(F)(Cl)Br,O
0,for_solvent_tsne,C=C(C)C=O,O
0,for_solvent_tsne,CC(C)CN,O
0,for_solvent_tsne,NCCCN1CCN(CCCN)CC1,O
0,for_solvent_tsne,Cc1sc2ccccc2c1C,O
0,for_solvent_tsne,CCCCCCCC/C=C/CCCCCCCC(=O)OCC,O
0,for_solvent_tsne,CCCCCCCCCCC(Br)CBr,O
0,for_solvent_tsne,CCc1ccc(CC)cc1,O
0,for_solvent_tsne,C/C=C(\C)CC,O
0,for_solvent_tsne,CC1CCC(=O)O1,O
0,for_solvent_tsne,CCN(O)CC,O
0,for_solvent_tsne,CCCOCCOCCO,O
0,for_solvent_tsne,CCCCCCCCCCCOC(=O)c1ccccc1C(=O)OCCCCCCC,O
0,for_solvent_tsne,Cc1ccncc1,O
0,for_solvent_tsne,CCOC(C)OCC,O
0,for_solvent_tsne,COC(=O)OC,O
0,for_solvent_tsne,Fc1c(F)c(F)c(F)c(F)c1F,O
0,for_solvent_tsne,CCCCCCCC/C=C/CCCCCCCC(=O)O,O
0,for_solvent_tsne,CC=O,O
0,for_solvent_tsne,CCC(C)C,O
0,for_solvent_tsne,C/C=C1\CC2C=CC1C2,O
0,for_solvent_tsne,CCCC[NH+](C)C,O
0,for_solvent_tsne,FS(F)(F)(F)(F)F,O
0,for_solvent_tsne,CCNc1ccccc1,O
0,for_solvent_tsne,CCCCCCCCCC(=O)OC,O
0,for_solvent_tsne,C1=C\CC/C=C/CC/C=C/CC/1,O
0,for_solvent_tsne,COC(=O)CCS,O
0,for_solvent_tsne,CCC(C)OC=O,O
0,for_solvent_tsne,O=S(Cl)Cl,O
0,for_solvent_tsne,FC(F)(F)C(F)(F)C(F)(F)C(F)(F)C(F)(F)C(F)(F)C(F)(F)C(F)(F)C(F)(F)F,O
0,for_solvent_tsne,CCCCCCCCCCOC=O,O
0,for_solvent_tsne,C=CC(=C)C,O
0,for_solvent_tsne,O=Cc1ccccc1O,O
0,for_solvent_tsne,CCCSSCC,O
0,for_solvent_tsne,CC(F)F,O
0,for_solvent_tsne,CCCCCC(C)=O,O
0,for_solvent_tsne,C(=C\c1ccccc1)\c1ccccc1,O
0,for_solvent_tsne,CCc1ccc(C)c(C)c1C,O
0,for_solvent_tsne,COC(=O)C(C)(C)OC,O
0,for_solvent_tsne,CC(C#N)CCC#N,O
0,for_solvent_tsne,CC=CCOCCO,O
0,for_solvent_tsne,OCCN(CCO)CCO,O
0,for_solvent_tsne,CCCCCCCN,O
0,for_solvent_tsne,C=COC(=O)CC,O
0,for_solvent_tsne,C=Cc1ccc(C(=C)C)cc1,O
0,for_solvent_tsne,CC(C)CC(=O)O,O
0,for_solvent_tsne,CN(C)c1ccccc1,O
0,for_solvent_tsne,C=CCCCCCCCCCCCCCCC,O
0,for_solvent_tsne,CC(C)C,O
0,for_solvent_tsne,C=Cc1cccc(C)c1,O
0,for_solvent_tsne,FC(F)(F)c1ccc(Cl)cc1Cl,O
0,for_solvent_tsne,CCCOCC(C)O,O
0,for_solvent_tsne,C[C@@H]1CCC[C@H]1C,O
0,for_solvent_tsne,CCCCI,O
0,for_solvent_tsne,FC(F)OC(F)(F)F,O
0,for_solvent_tsne,C=C=CCCC,O
0,for_solvent_tsne,CCC(C)(C)[NH3+],O
0,for_solvent_tsne,C/C=C/c1ccc(OC)cc1,O
0,for_solvent_tsne,C=CCCC,O
0,for_solvent_tsne,CCSCCO,O
0,for_solvent_tsne,C1CCCC1,O
0,for_solvent_tsne,CC1=CC(=O)OC1=O,O
0,for_solvent_tsne,CCCCC(CC)COC(=O)c1ccccc1,O
0,for_solvent_tsne,CCCCCCCCCCC(C)C,O
0,for_solvent_tsne,CCCCCCCCCCCCCC,O
0,for_solvent_tsne,F/C(=C(/F)C(F)(F)F)C(F)(F)F,O
0,for_solvent_tsne,CC=C(C)C,O
0,for_solvent_tsne,CCCN,O
0,for_solvent_tsne,CCCCCC,O
0,for_solvent_tsne,C=CCNCC=C,O
0,for_solvent_tsne,C=CCC1=CCCCC1,O
0,for_solvent_tsne,CCCC(C)(C)C(=O)O,O
0,for_solvent_tsne,CCCCCCCCC(C)CC,O
0,for_solvent_tsne,C[C@H]1CCCC[C@H]1O,O
0,for_solvent_tsne,CC1CCCC1,O
0,for_solvent_tsne,CC(C)CC(=O)CC(C)C,O
0,for_solvent_tsne,Nc1ccccc1Cl,O
0,for_solvent_tsne,CCc1cc(C)cc(C)c1,O
0,for_solvent_tsne,CCCC(C)(C)CC,O
0,for_solvent_tsne,CCCCCCOC(C)=O,O
0,for_solvent_tsne,CCCCCCCCCCc1cccc2ccccc12,O
0,for_solvent_tsne,CC(Br)Br,O
0,for_solvent_tsne,CC/C=C/CC,O
0,for_solvent_tsne,CCCCCC(C)CO,O
0,for_solvent_tsne,COCOC,O
0,for_solvent_tsne,C=CCCCCCCCCCCCCCCCC,O
0,for_solvent_tsne,C/C=C\CCCCCCC,O
0,for_solvent_tsne,C1CN1,O
0,for_solvent_tsne,CC1=CC[C@H](C(C)C)C=C1,O
0,for_solvent_tsne,C=COCCCC,O
0,for_solvent_tsne,CC1=CC2CCC1C2,O
0,for_solvent_tsne,CCC(C)CCO,O
0,for_solvent_tsne,C#CCCCC,O
0,for_solvent_tsne,CCCC[N+](=O)[O-],O
0,for_solvent_tsne,C#CC=C,O
0,for_solvent_tsne,CC(C)CCl,O
0,for_solvent_tsne,FC(F)C(F)F,O
0,for_solvent_tsne,COCCl,O
0,for_solvent_tsne,CC(COC(C)(C)C)OCC(C)OC(C)(C)C,O
0,for_solvent_tsne,CCCOCC(C)OCC(C)O,O
0,for_solvent_tsne,CCCNCCC,O
0,for_solvent_tsne,CCCCC/C=C\C/C=C\CCCCCCCC(=O)OC,O
0,for_solvent_tsne,Cc1c(N=C=O)cccc1N=C=O,O
0,for_solvent_tsne,O=C(Cl)c1ccccc1,O
0,for_solvent_tsne,CC(=O)OCC(C)C,O
0,for_solvent_tsne,CC1CCC(C(C)(C)OO)CC1,O
0,for_solvent_tsne,C1CCC(C2CCCCC2)CC1,O
0,for_solvent_tsne,CCCCCCC=O,O
0,for_solvent_tsne,FC(F)=C(F)OC(F)(F)C(F)(F)F,O
0,for_solvent_tsne,CC1CCC(O)CC1,O
0,for_solvent_tsne,C=C(C)C(C)CCC,O
0,for_solvent_tsne,CCC(Cl)CCl,O
0,for_solvent_tsne,Cc1cccc(N)c1,O
0,for_solvent_tsne,C1=CCC=CC1,O
0,for_solvent_tsne,FCC(F)(F)F,O
0,for_solvent_tsne,FCF,O
0,for_solvent_tsne,CCCN(CCC)CCC,O
0,for_solvent_tsne,C=C(C)c1ccccc1,O
0,for_solvent_tsne,CCCCCCCCCOC=O,O
0,for_solvent_tsne,CCOCC(C)OCC(C)OCC(C)O,O
0,for_solvent_tsne,CCCCC(C)CC(C)C,O
0,for_solvent_tsne,CCCCCCCC(C)=O,O
0,for_solvent_tsne,CCCCCCCCCOCCCCCCCCC,O
0,for_solvent_tsne,CCCl,O
0,for_solvent_tsne,CCCCOCCOCCOCCOCCO,O
0,for_solvent_tsne,CC(O)COC(C)COC(C)COC(C)COC(C)CO,O
0,for_solvent_tsne,CCCCCC(C)C,O
0,for_solvent_tsne,CCCCCCCOC(C)=O,O
0,for_solvent_tsne,COC(=O)Cl,O
0,for_solvent_tsne,CC1(C)CCCCC1,O
0,for_solvent_tsne,C=C(Cl)CCl,O
0,for_solvent_tsne,COCC(C)=O,O
0,for_solvent_tsne,O=C(OCc1ccccc1)c1ccccc1,O
0,for_solvent_tsne,c1cnoc1,O
0,for_solvent_tsne,O=C(O)C(F)(F)F,O
0,for_solvent_tsne,CCCCCNCCCCC,O
0,for_solvent_tsne,CCCCOS(=O)(=O)OCCCC,O
0,for_solvent_tsne,CCC(=O)CC,O
0,for_solvent_tsne,CC(C)C(C)O,O
0,for_solvent_tsne,CCCCC(C)(C)C,O
0,for_solvent_tsne,CCCCCCCCc1ccccc1,O
0,for_solvent_tsne,CCOc1ccccc1,O
0,for_solvent_tsne,CCOC(=O)/C=C\C(=O)OCC,O
0,for_solvent_tsne,CCCCCCCOC=O,O
0,for_solvent_tsne,C=CC(C)CCC,O
0,for_solvent_tsne,Cc1ccc(C)s1,O
0,for_solvent_tsne,O=C=NCCCCCCN=C=O,O
0,for_solvent_tsne,COC(=O)CC(=O)OC,O
0,for_solvent_tsne,CCCCC(CC)C(=O)O,O
0,for_solvent_tsne,COC(=O)CCC(=O)OC,O
0,for_solvent_tsne,CC(O)COC(C)COC(C)COC(C)CO,O
0,for_solvent_tsne,C1CC1,O
0,for_solvent_tsne,CC1CCS(=O)(=O)C1,O
0,for_solvent_tsne,CCCCC(C)C(C)C,O
0,for_solvent_tsne,CCCCCC1CCCCC1,O
0,for_solvent_tsne,C=CCCCCCCCCCCCCCC,O
0,for_solvent_tsne,c1ccc2c(c1)CCS2,O
0,for_solvent_tsne,CCCCCCCCCCCCO,O
0,for_solvent_tsne,ClC=C(Cl)Cl,O
0,for_solvent_tsne,CCC[N+](=O)[O-],O
0,for_solvent_tsne,Cc1ccc(C)cc1,O
0,for_solvent_tsne,C=CC(C)CC,O
0,for_solvent_tsne,CC(O)COC(C)C,O
0,for_solvent_tsne,C=CC(=O)OC(C)C,O
0,for_solvent_tsne,CCCCCCOC=O,O
0,for_solvent_tsne,OOCCCCc1ccccc1,O
0,for_solvent_tsne,ClB(Cl)Cl,O
0,for_solvent_tsne,Nc1ccccc1,O
0,for_solvent_tsne,O=C1CCCCC1,O
0,for_solvent_tsne,CCCCCCCCCCC(C)CO,O
0,for_solvent_tsne,C[C@@H]1CCC[C@H](O)C1,O
0,for_solvent_tsne,CCOC,O
0,for_solvent_tsne,C[C@H]1CCC[C@H](C)C1,O
0,for_solvent_tsne,Cc1cccc2cccnc12,O
0,for_solvent_tsne,CC(=O)OC(C)(C)C,O
0,for_solvent_tsne,C=CC(=O)OCC(C)O,O
0,for_solvent_tsne,CCI,O
0,for_solvent_tsne,ClCCCCCCl,O
0,for_solvent_tsne,Cl/C=C/Cl,O
0,for_solvent_tsne,CCCCCCOC(=O)CCCCC(=O)OCCCCCC,O
0,for_solvent_tsne,CCCCCCCC(C)O,O
0,for_solvent_tsne,CCCCCCCCCCCCCCCc1ccccc1,O
0,for_solvent_tsne,CC(O)CN,O
0,for_solvent_tsne,C/C=C/CCCCCCCCC,O
0,for_solvent_tsne,COCCOCCOCCOC,O
0,for_solvent_tsne,CN(CCO)CCO,O
0,for_solvent_tsne,C#CCC,O
0,for_solvent_tsne,CCCCOC(=O)c1ccccc1C(=O)OCCCC,O
0,for_solvent_tsne,CC(C)C(=O)C(C)C,O
0,for_solvent_tsne,CCCCCCCCOC=O,O
0,for_solvent_tsne,CC1[C@H](C)CC[C@H]1C,O
0,for_solvent_tsne,C=Cc1ccc(CC)cc1,O
0,for_solvent_tsne,CN(C)CCCN,O
0,for_solvent_tsne,CCCCCCCCCCCCCC(=O)OC,O
0,for_solvent_tsne,FC=CC(F)(F)F,O
0,for_solvent_tsne,CCCOC(=O)c1ccccc1,O
0,for_solvent_tsne,O=[N+]([O-])OCCO[N+](=O)[O-],O
0,for_solvent_tsne,C=C=O,O
0,for_solvent_tsne,O=C(O)C(Cl)Cl,O
0,for_solvent_tsne,O=C1CCO1,O
0,for_solvent_tsne,OCCSCCO,O
0,for_solvent_tsne,CC1=CCC2CC1C2(C)C,O
0,for_solvent_tsne,CCCCOC=O,O
0,for_solvent_tsne,CCCCCCCCSCC,O
0,for_solvent_tsne,Cc1cccc(C=O)c1,O
0,for_solvent_tsne,CCCCCCCC(=O)O,O
0,for_solvent_tsne,FC(F)(Cl)C(F)(F)C(F)(F)Cl,O
0,for_solvent_tsne,C=CCSCC=C,O
0,for_solvent_tsne,Oc1ccccc1Cl,O
0,for_solvent_tsne,CCCCOC,O
0,for_solvent_tsne,CCCCCCCC(=O)OC,O
0,for_solvent_tsne,CCCCCCCCCOC(=O)c1ccccc1C(=O)OCCCCCCCCC,O
0,for_solvent_tsne,c1ccc(Oc2ccccc2)cc1,O
0,for_solvent_tsne,CCCCCC(=O)O,O
0,for_solvent_tsne,O=CC1CC=CCC1,O
0,for_solvent_tsne,FCC(F)(F)C(F)F,O
0,for_solvent_tsne,CCNC(C)=O,O
0,for_solvent_tsne,C=C(C)C(=O)OCCC,O
0,for_solvent_tsne,FC(F)(F)C(F)(F)C(F)(F)C(F)(F)C(F)(F)C(F)(F)F,O
0,for_solvent_tsne,CCc1cccc(CC)c1N,O
0,for_solvent_tsne,CCOC(=O)C(C)O,O
0,for_solvent_tsne,CCCCCCC,O
0,for_solvent_tsne,C/C=C/CCC,O
0,for_solvent_tsne,CCc1ccccc1C(C)C,O
0,for_solvent_tsne,C#N,O
0,for_solvent_tsne,CCCCCCc1cccc2ccccc12,O
0,for_solvent_tsne,CCOC(=O)OCC,O
0,for_solvent_tsne,C/C=C/C,O
0,for_solvent_tsne,COB(OC)OC,O
0,for_solvent_tsne,c1ccc(C2CCCCC2)cc1,O
0,for_solvent_tsne,C=CC(=O)OCC,O
0,for_solvent_tsne,C=CC(C)(C)C,O
0,for_solvent_tsne,N#Cc1ccccc1,O
0,for_solvent_tsne,O=C(C(F)(F)F)C(F)(F)F,O
0,for_solvent_tsne,CCCCCCCCBr,O
0,for_solvent_tsne,C=CC(C)C,O
0,for_solvent_tsne,CCCCOC(C)C,O
0,for_solvent_tsne,O=CCCCC=O,O
0,for_solvent_tsne,C=CCO,O
0,for_solvent_tsne,CC(C)COC(C)C,O
0,for_solvent_tsne,COC(=O)C(C)O,O
0,for_solvent_tsne,CC1CCCC(C)(C)C1,O
0,for_solvent_tsne,Cc1ccc(C(C)O)cc1,O
0,for_solvent_tsne,COc1ccccc1,O
0,for_solvent_tsne,CCOC(=O)CCl,O
0,for_solvent_tsne,NC1CCCCC1,O
0,for_solvent_tsne,CCCOC(=O)C(C)C,O
0,for_solvent_tsne,C[N+](=O)[O-],O
0,for_solvent_tsne,FCCF,O
0,for_solvent_tsne,C=CC(=O)OCCOC(=O)C=C,O
0,for_solvent_tsne,Cc1cc2ccccc2o1,O
0,for_solvent_tsne,CCCCCCCCCCC1CCCCC1,O
0,for_solvent_tsne,CCC/C=C/CCC,O
0,for_solvent_tsne,CCCCCCCCCC(C)C(C)C,O
0,for_solvent_tsne,C=CCOC(=O)/C=C\C(=O)OCC=C,O
0,for_solvent_tsne,C=C(C)C,O
0,for_solvent_tsne,CC(O)CCO,O
0,for_solvent_tsne,Cc1cccc(C)n1,O
0,for_solvent_tsne,CN(C)C,O
0,for_solvent_tsne,CCOC(=O)CC(C)C,O
0,for_solvent_tsne,OC1CCCC1,O
0,for_solvent_tsne,CCCCC(CC)CO,O
0,for_solvent_tsne,CC1C=CCC1,O
0,for_solvent_tsne,C=CC(=O)OCCC,O
0,for_solvent_tsne,C/C=C/CCCCC,O
0,for_solvent_tsne,CCC(O)OCC(C)OC(O)CC,O
0,for_solvent_tsne,ClCl,O
0,for_solvent_tsne,Sc1ccccc1,O
0,for_solvent_tsne,CCCCC(C=O)CC,O
0,for_solvent_tsne,CC1CCC(C)(C)C1,O
0,for_solvent_tsne,CC#N,O
0,for_solvent_tsne,CCC(C)C(C)C,O
0,for_solvent_tsne,CC(C)(C)Cl,O
0,for_solvent_tsne,c1ccc(Cc2ccccc2)cc1,O
0,for_solvent_tsne,FC(F)C(F)C(F)(F)F,O
0,for_solvent_tsne,O=C=O,O
0,for_solvent_tsne,CC(OC=O)c1ccccc1,O
0,for_solvent_tsne,CCC(O)CC,O
0,for_solvent_tsne,Cc1cccc(OC(C)C)c1,O
0,for_solvent_tsne,c1ccnnc1,O
0,for_solvent_tsne,[Br-],O
0,for_solvent_tsne,OCC1CCCO1,O
0,for_solvent_tsne,CCCCCOCCOCCO,O
0,for_solvent_tsne,FC(F)(F)C(F)(F)Cl,O
0,for_solvent_tsne,CCCCCCCCCCCCCCCC(=O)OCC,O
0,for_solvent_tsne,BrCBr,O
0,for_solvent_tsne,C=C(C)[C@H]1CC=C(C)CC1,O
0,for_solvent_tsne,CC1CCCc2ccccc21,O
0,for_solvent_tsne,CCCCCCCCCCCCCCCC,O
0,for_solvent_tsne,CCC1(CC)CCCCC1,O
0,for_solvent_tsne,c1cncnc1,O
0,for_solvent_tsne,CCCCCC(C)C(C)C,O
0,for_solvent_tsne,CCC(C)C=O,O
0,for_solvent_tsne,C1CO1,O
0,for_solvent_tsne,CCCCCCCCCCCCCCCCC,O
0,for_solvent_tsne,CCOC=O,O
0,for_solvent_tsne,C=C(CC)c1ccccc1,O
0,for_solvent_tsne,C=C=C,O
0,for_solvent_tsne,CCC(C)(C)C,O
0,for_solvent_tsne,CCNCC,O
0,for_solvent_tsne,CC(=O)C(C)(C)C,O
0,for_solvent_tsne,O=CN1CCOCC1,O
0,for_solvent_tsne,C/C=C\CCCCCC,O
0,for_solvent_tsne,C=CCC=C,O
0,for_solvent_tsne,CC(O)C#N,O
0,for_solvent_tsne,NN,O
0,for_solvent_tsne,C=CC(C)OCCO,O
0,for_solvent_tsne,C=CC1CC=CCC1,O
0,for_solvent_tsne,CC(C)C#N,O
0,for_solvent_tsne,C=CCOC(C)=O,O
0,for_solvent_tsne,NCCNCCN,O
0,for_solvent_tsne,C=CCCCCC(C)C,O
0,for_solvent_tsne,FC(F)C(F)(Cl)Cl,O
0,for_solvent_tsne,C1=C\CC/C=C\CC/1,O
0,for_solvent_tsne,CCCCc1ccccc1,O
0,for_solvent_tsne,O=C(Cl)Cl,O
0,for_solvent_tsne,CC1=CC(=O)CC(C)(C)C1,O
0,for_solvent_tsne,C1=CCCC=C1,O
0,for_solvent_tsne,COS(=O)(=O)OC,O
0,for_solvent_tsne,c1ccc2ncccc2c1,O
0,for_solvent_tsne,FC(F)(F)Cl,O
0,for_solvent_tsne,CCCCCCCCCCc1ccccc1,O
0,for_solvent_tsne,C=C(C)C(=O)OCC,O
0,for_solvent_tsne,Clc1ccccc1,O
0,for_solvent_tsne,CC(C=O)CO,O
0,for_solvent_tsne,COC(C)CO,O
0,for_solvent_tsne,CCCCCCCCC,O
0,for_solvent_tsne,COC(F)(F)C(F)(F)F,O
0,for_solvent_tsne,CCCCC(CC)C(=O)OCCOCCOCCOC(=O)C(CC)CCCC,O
0,for_solvent_tsne,CC(C)Cl,O
0,for_solvent_tsne,CS(=O)(=O)Cl,O
0,for_solvent_tsne,CC(C)(C)OO,O
0,for_solvent_tsne,NC1CC1,O
0,for_solvent_tsne,NCCNCCNCCNCCNCCN,O
0,for_solvent_tsne,CC(=O)C(C)=O,O
0,for_solvent_tsne,ClCC(Cl)(Cl)Cl,O
0,for_solvent_tsne,CCCCNCCCC,O
0,for_solvent_tsne,CSC(C)C,O
0,for_solvent_tsne,CN(C)N=O,O
0,for_solvent_tsne,C#CCCCCC,O
0,for_solvent_tsne,NCCCCCN,O
0,for_solvent_tsne,CC(C)(C)SSC(C)(C)C,O
0,for_solvent_tsne,C1COC1,O
0,for_solvent_tsne,CCCCC(CC)CCO,O
0,for_solvent_tsne,CNC=O,O
0,for_solvent_tsne,CCCCCCCCCCCCS,O
0,for_solvent_tsne,CCCCS,O
0,for_solvent_tsne,FC(F)(F)C(Cl)Cl,O
0,for_solvent_tsne,CCCCCCC(C)(C)S,O
0,for_solvent_tsne,CC/C=C(\C)C=O,O
0,for_solvent_tsne,Cc1cc(C)c(C)s1,O
0,for_solvent_tsne,O=S(=O)(Cl)Cl,O
0,for_solvent_tsne,COc1ccccc1[N+](=O)[O-],O
0,for_solvent_tsne,C=CCCCC,O
0,for_solvent_tsne,C1COCCO1,O
0,for_solvent_tsne,CC(=O)c1ccccc1O,O
0,for_solvent_tsne,CCCCOB(OCCCC)OCCCC,O
0,for_solvent_tsne,CC/C=C/CCC,O
0,for_solvent_tsne,CCCCCCC(C)C(=O)O,O
0,for_solvent_tsne,CC(C)(C)O,O
0,for_solvent_tsne,CC1=CCC(C(C)C)=CC1,O
0,for_solvent_tsne,CCc1cccs1,O
0,for_solvent_tsne,FC(F)(F)c1ccccc1,O
0,for_solvent_tsne,CC(C)(C)SC(C)(C)C,O
0,for_solvent_tsne,CCc1csc2ccccc12,O
0,for_solvent_tsne,CC1CN1,O
0,for_solvent_tsne,N#CCCCC#N,O
0,for_solvent_tsne,CCC1CO1,O
0,for_solvent_tsne,CCCCCCCCC(=O)O,O
0,for_solvent_tsne,N#CCN,O
0,for_solvent_tsne,FC(F)(F)C(F)(F)C(F)(F)C(F)(F)C(F)(F)C(F)(F)C(F)(F)F,O
0,for_solvent_tsne,CCCC(=O)OC(=O)CCC,O
0,for_solvent_tsne,CCC1=CCCCC1,O
0,for_solvent_tsne,C=CF,O
0,for_solvent_tsne,CCCCCCCCS,O
0,for_solvent_tsne,CC/C=C/C/C=C/C/C=C/CCCCCCCC(=O)OCC,O
0,for_solvent_tsne,CCCCOC(=O)CCCC,O
0,for_solvent_tsne,ClN(Cl)Cl,O
0,for_solvent_tsne,ClC(Cl)=C(Cl)Cl,O
0,for_solvent_tsne,C=C(C)Cl,O
0,for_solvent_tsne,Cc1ccc(C=O)cc1,O
0,for_solvent_tsne,O=NCl,O
0,for_solvent_tsne,C=CC(=O)OCC(CC)CCCC,O
0,for_solvent_tsne,C=COC=C,O
0,for_solvent_tsne,CC(C)c1ccccc1,O
0,for_solvent_tsne,CCCCCCCl,O
0,for_solvent_tsne,CCc1ccccc1,O
0,for_solvent_tsne,CCCCCCCC(CO)CCCC,O
0,for_solvent_tsne,C=C(C)C(C)(C)C,O
0,for_solvent_tsne,CCc1ccc(C)cc1,O
0,for_solvent_tsne,COCCOCCOCCOCCOCCOC,O
0,for_solvent_tsne,CCCCCCO,O
0,for_solvent_tsne,CCCc1cccc(C)c1C,O
0,for_solvent_tsne,CCCCOC(C)=O,O
0,for_solvent_tsne,ClC=CCl,O
0,for_solvent_tsne,C=C(C)CCCC,O
0,for_solvent_tsne,CC(O)C(C)O,O
0,for_solvent_tsne,COCC(C)O,O
0,for_solvent_tsne,CCC(CC)C(C)C,O
0,for_solvent_tsne,CCN(CC)CCO,O
0,for_solvent_tsne,CC1OCCO1,O
0,for_solvent_tsne,CCCC(=O)CC,O
0,for_solvent_tsne,OCCCO,O
0,for_solvent_tsne,O=C(Cl)CCl,O
0,for_solvent_tsne,C=C(C)CCC(=C)C,O
0,for_solvent_tsne,Cc1cccc(C)c1C,O
0,for_solvent_tsne,COCCC#N,O
0,for_solvent_tsne,ClCC(Cl)Cl,O
0,for_solvent_tsne,CCCCOC(=O)CCC,O
0,for_solvent_tsne,O=C(O)CCS,O
0,for_solvent_tsne,CC(COC(C)(C)C)OCCCO,O
0,for_solvent_tsne,O=S(=O)(O)O,O
0,for_solvent_tsne,c1ccoc1,O
0,for_solvent_tsne,CCCCC(C)=O,O
0,for_solvent_tsne,Fc1ccccc1,O
0,for_solvent_tsne,CCCCC(C)CC,O
0,for_solvent_tsne,CC(O)C(O)CO,O
0,for_solvent_tsne,COC(F)(F)C(F)(F)C(F)(F)F,O
0,for_solvent_tsne,COC(=O)C(C)C,O
0,for_solvent_tsne,CCCC(=O)CCC,O
0,for_solvent_tsne,O=[N+]([O-])c1cccc(C(F)(F)F)c1,O
0,for_solvent_tsne,CCc1cc(CC)c(CC)c(CC)c1CC,O
0,for_solvent_tsne,CC(C)CCOC(=O)CC(C)C,O
0,for_solvent_tsne,CCCCCCCCSCCCCCCCC,O
0,for_solvent_tsne,CCCCCCCCF,O
0,for_solvent_tsne,CC(C)CCCCCCCO,O
0,for_solvent_tsne,CCCCCC#N,O
0,for_solvent_tsne,CC(C)COC=O,O
0,for_solvent_tsne,CC(C)C(C)(C)C,O
0,for_solvent_tsne,C=C=CC,O
0,for_solvent_tsne,CCCCCCCC=O,O
0,for_solvent_tsne,Clc1ccc(Cl)c(Cl)c1,O
0,for_solvent_tsne,CCCCOC(=O)CCCCCCCCC(=O)OCCCC,O
0,for_solvent_tsne,C=CC[C@H](C)CCC,O
0,for_solvent_tsne,CCCCCC(C)(C)C,O
0,for_solvent_tsne,C=CCCC(C)=O,O
0,for_solvent_tsne,CCC(C)CC,O
0,for_solvent_tsne,C=C1CC(=O)O1,O
0,for_solvent_tsne,CC(Cl)CCl,O
0,for_solvent_tsne,CC1(C)CO1,O
0,for_solvent_tsne,NCCNCCO,O
0,for_solvent_tsne,CC(C)CC(C)O,O
0,for_solvent_tsne,CCCCCSC,O
0,for_solvent_tsne,C=CCCCCCCC=C,O
0,for_solvent_tsne,CCCCCCCC(=O)OCC(COC(=O)CCCCCCC)OC(=O)CCCCCCC,O
0,for_solvent_tsne,ClC(Cl)Cl,O
0,for_solvent_tsne,CCCCCCCCN,O
0,for_solvent_tsne,CCCCC(C)CCCC,O
0,for_solvent_tsne,CCCCCCc1ccccc1,O
0,for_solvent_tsne,O=C=S,O
0,for_solvent_tsne,C=CC1CC2C=CC1C2,O
0,for_solvent_tsne,CSc1ccccc1,O
0,for_solvent_tsne,COCC(C)OC(C)=O,O
0,for_solvent_tsne,ClCCOCCCl,O
0,for_solvent_tsne,C1CCC1,O
0,for_solvent_tsne,OCCCCCO,O
0,for_solvent_tsne,ClCBr,O
0,for_solvent_tsne,N#CCO,O
0,for_solvent_tsne,CCCOC(=O)/C=C\C(=O)OCCC,O
0,for_solvent_tsne,CCCC(C)C,O
0,for_solvent_tsne,CC(C)C(C)C(C)C,O
0,for_solvent_tsne,CCCCC(CC)CC,O
0,for_solvent_tsne,Cc1cccnc1,O
0,for_solvent_tsne,CC#CC,O
0,for_solvent_tsne,CCCCCC(=O)CCCCC,O
0,for_solvent_tsne,Cc1cc(C)cc(C)c1,O
0,for_solvent_tsne,CO,O
0,for_solvent_tsne,C1CCC(SC2CCCCC2)CC1,O
0,for_solvent_tsne,NCCOCCN,O
0,for_solvent_tsne,O=CC(Cl)(Cl)Cl,O
0,for_solvent_tsne,CCC(=O)O,O
0,for_solvent_tsne,ClCC1CO1,O
0,for_solvent_tsne,C=CCCCCCCCCCC,O
0,for_solvent_tsne,C=COCC,O
0,for_solvent_tsne,CC(C)CCSCCC(C)C,O
0,for_solvent_tsne,CCCCCCCCCCCS,O
0,for_solvent_tsne,CCOCCOCCOCCO,O
0,for_solvent_tsne,CCCCCCCCCCCCCC(=O)OCC,O
0,for_solvent_tsne,CC(F)(F)C(F)(F)F,O
0,for_solvent_tsne,CCCBr,O
0,for_solvent_tsne,CCCC(=O)OC,O
0,for_solvent_tsne,CCCCOCCO,O
0,for_solvent_tsne,CC(C)C=O,O
0,for_solvent_tsne,CCC1CC2C=CC1C2,O
0,for_solvent_tsne,CCC(C)CCCC(C)C,O
0,for_solvent_tsne,CCC1CCC(CC)CC1,O
0,for_solvent_tsne,COC(C)OC,O
0,for_solvent_tsne,C=C(C)C(=O)OCCO,O
0,for_solvent_tsne,C/C=C/C=O,O
0,for_solvent_tsne,CCCc1cccc(C)c1,O
0,for_solvent_tsne,CC(F)(F)CC(F)(F)F,O
0,for_solvent_tsne,CCCC(C)(C)C(C)(C)C,O
0,for_solvent_tsne,C=COC=O,O
0,for_solvent_tsne,OCC(Cl)CCl,O
0,for_solvent_tsne,CCc1ccc2ccccc2c1,O
0,for_solvent_tsne,CC(C=O)c1ccccc1,O
0,for_solvent_tsne,CCN(CC)C(C)=O,O
0,for_solvent_tsne,CC1CCCS1,O
0,for_solvent_tsne,CCC=O,O
0,for_solvent_tsne,CCCCCCCCC(=O)OCCCC,O
0,for_solvent_tsne,CCCCC(=O)O,O
0,for_solvent_tsne,CCCCCCCCCCCC,O
0,for_solvent_tsne,COc1ccccc1N,O
0,for_solvent_tsne,ClC(Cl)C(Cl)Cl,O
0,for_solvent_tsne,C=C(C)C(C)C,O
0,for_solvent_tsne,COC(=O)C(C)(C)O,O
0,for_solvent_tsne,CCCC(=O)OCC,O
0,for_solvent_tsne,CCOCCOCCOC(C)=O,O
0,for_solvent_tsne,CCCCCCCCN(CCCCCCCC)CCCCCCCC,O
0,for_solvent_tsne,CCCCN,O
0,for_solvent_tsne,CC=C=CC,O
0,for_solvent_tsne,C=CCN,O
0,for_solvent_tsne,CCC#N,O
0,for_solvent_tsne,C/C=C/CCCCCC,O
0,for_solvent_tsne,ClC(Cl)(Cl)Cl,O
0,for_solvent_tsne,CC1C[C@H](C)[C@H](C)C1,O
0,for_solvent_tsne,CCOC(C)(C)C,O
0,for_solvent_tsne,c1ccncc1,O
0,for_solvent_tsne,C1=Cc2ccccc2C1,O
0,for_solvent_tsne,CC(CC(C)(C)C)CC(C)(C)CC(C)(C)C,O
0,for_solvent_tsne,CCOS(=O)(=O)O,O
0,for_solvent_tsne,FC(F)OC(F)F,O
0,for_solvent_tsne,CCc1ccc(CC)c(CC)c1,O
0,for_solvent_tsne,CC(C)=O,O
0,for_solvent_tsne,Cc1cccc(CO)c1,O
0,for_solvent_tsne,CC(C)C(C)C,O
0,for_solvent_tsne,C#CC(=C)C,O
0,for_solvent_tsne,CCC(C)C(C)=O,O
0,for_solvent_tsne,CC(C)COC(=O)c1ccccc1C(=O)OCC(C)C,O
0,for_solvent_tsne,CCCCCOC(C)=O,O
0,for_solvent_tsne,CC1CCc2ccccc21,O
0,for_solvent_tsne,[N-]=[N+]=O,O
0,for_solvent_tsne,CC(=O)O,O
0,for_solvent_tsne,CC(C)COC(C)(C)C,O
0,for_solvent_tsne,C=CC(C)OC(C)=O,O
0,for_solvent_tsne,C=CC,O
0,for_solvent_tsne,C=C(C)CCC,O
0,for_solvent_tsne,C=CC(=O)OCC(C)C,O
0,for_solvent_tsne,O=C1CCCCCO1,O
0,for_solvent_tsne,FC(F)=C(F)Br,O
0,for_solvent_tsne,C=CC(Cl)CCl,O
0,for_solvent_tsne,C=CCOCC1CO1,O
0,for_solvent_tsne,CCCCCCl,O
0,for_solvent_tsne,CCCCC(=O)CC,O
0,for_solvent_tsne,C/C=C/c1ccccc1,O
0,for_solvent_tsne,C=C(CC)CC,O
0,for_solvent_tsne,CC(O)Cc1ccccc1,O
0,for_solvent_tsne,CC1CCC(CO)CC1,O
0,for_solvent_tsne,CCc1cc(C)ccc1C,O
0,for_solvent_tsne,CC1=CC=CC1,O
0,for_solvent_tsne,C=C(CC)CCCC,O
0,for_solvent_tsne,NCCN,O
0,for_solvent_tsne,CCc1cccc2ccccc12,O
0,for_solvent_tsne,ClC1=C(Cl)C(Cl)(Cl)C(Cl)=C1Cl,O
0,for_solvent_tsne,CCCCCCCC(=O)OCC,O
0,for_solvent_tsne,CC(C)CCCCC(C)C,O
0,for_solvent_tsne,CCCCCCCC/C=C/CCCCCCCC(=O)OC,O
0,for_solvent_tsne,CCCCCCCC/C=C\CCCCCCCCCCCC(=O)OCC,O
0,for_solvent_tsne,CCCCCCCCCCCOC(=O)c1ccccc1C(=O)OCCCCCCCCC,O
0,for_solvent_tsne,CCCCCCCC,O
0,for_solvent_tsne,CC(=O)OC(C)=O,O
0,for_solvent_tsne,O=CO,O
0,for_solvent_tsne,C[C@H]1CCCC[C@@H]1C,O
0,for_solvent_tsne,O=CCCCO,O
0,for_solvent_tsne,C1CS1,O
0,for_solvent_tsne,Cc1ccc(O)c(C)c1,O
0,for_solvent_tsne,CCCCOS(=O)(=O)O,O
0,for_solvent_tsne,C[C@H]1CCCC[C@H]1C,O
0,for_solvent_tsne,CC(=O)OC(C)C,O
0,for_solvent_tsne,C=CC(CC)CC,O
0,for_solvent_tsne,CCSC(C)(C)C,O
0,for_solvent_tsne,CNCCO,O
0,for_solvent_tsne,C/C=C/CC,O
0,for_solvent_tsne,Cc1ccc2scc(C)c2c1,O
0,for_solvent_tsne,CCCCC(=O)CCC,O
0,for_solvent_tsne,CCOC(=O)CC(C)=O,O
0,for_solvent_tsne,CCCCC,O
0,for_solvent_tsne,CC(Cl)(Cl)Cl,O
0,for_solvent_tsne,Cc1cccs1,O
0,for_solvent_tsne,CC1OC(C)OC(C)O1,O
0,for_solvent_tsne,CCCCCC(C)CCC,O
0,for_solvent_tsne,CC(C)c1ccc(C(C)C)cc1,O
0,for_solvent_tsne,CCCCCl,O
0,for_solvent_tsne,CC(N)CN,O
0,for_solvent_tsne,CC(C)(C)OCC(O)COC(C)(C)C,O
0,for_solvent_tsne,O=C(Cl)c1cccc(Cl)c1,O
0,for_solvent_tsne,CCCCCCCCCCCCCC[C@@H](O)[C@@H](O)[C@H](CO[C@H]1O[C@H](CO)[C@H](O)[C@H](O)[C@H]1O)NC(=O)CCCCCCC,O
0,for_solvent_tsne,CCOCCC(=O)OCC,O
0,for_solvent_tsne,O=COCc1ccccc1,O
0,for_solvent_tsne,C/C=C\C(=O)O,O
0,for_solvent_tsne,NC1CCCC1,O
0,for_solvent_tsne,CCCC(=O)OCCC(C)C,O
0,for_solvent_tsne,CCCCCCCCCOC(=O)c1ccccc1C(=O)OCCCCCCC,O
0,for_solvent_tsne,CCC(C)(O)CC,O
0,for_solvent_tsne,CCC(C)OC(C)CC,O
0,for_solvent_tsne,OCCOCCN1CCOCC1,O
0,for_solvent_tsne,CC(C)C(C)C(C)(C)C,O
0,for_solvent_tsne,O=C(Cl)C(Cl)(Cl)Cl,O
0,for_solvent_tsne,CC(C)(C)CC(C)(C)S,O
0,for_solvent_tsne,COCCOCCOCCO,O
0,for_solvent_tsne,CC(O)CC(C)(C)O,O
0,for_solvent_tsne,CCCCCCCc1ccccc1,O
0,for_solvent_tsne,CCCCCCC(CO)CCCC,O
0,for_solvent_tsne,ClCCl,O
0,for_solvent_tsne,CCC(C)(C)CC(C)C,O
0,for_solvent_tsne,CC(C)(C)NC=O,O
0,for_solvent_tsne,FC(F)(Br)Br,O
0,for_solvent_tsne,CC(=CC(C)(C)C)CC(C)(C)C,O
0,for_solvent_tsne,CCCCCCC(C)=O,O
0,for_solvent_tsne,CCC(C)C(C)(C)C,O
0,for_solvent_tsne,CCCC(C)O,O
0,for_solvent_tsne,Cc1ccc(Cl)cc1,O
0,for_solvent_tsne,C/C=C(/C)CC,O
0,for_solvent_tsne,CC(C)C(=O)OCC(C)(C)C(O)C(C)C,O
0,for_solvent_tsne,CCC(=O)CCC(C)C,O
0,for_solvent_tsne,N#CC1CC1,O
0,for_solvent_tsne,CCCCCCCCO,O
0,for_solvent_tsne,CCCCCCCO,O
0,for_solvent_tsne,COP(=O)(OC)OC,O
0,for_solvent_tsne,COC(C)(C)C,O
0,for_solvent_tsne,FC(F)(Cl)C(F)(F)Cl,O
0,for_solvent_tsne,BrB(Br)Br,O
0,for_solvent_tsne,CN1CCCC1=O,O
0,for_solvent_tsne,CCOC(=O)C(C)(C)C,O
0,for_solvent_tsne,CCCCSC,O
0,for_solvent_tsne,ClCCOCOCCCl,O
0,for_solvent_tsne,CCCCCO,O
0,for_solvent_tsne,Clc1ccccc1Cl,O
0,for_solvent_tsne,C1CCSC1,O
0,for_solvent_tsne,C1COCOC1,O
0,for_solvent_tsne,CCCCCCCCCCCCCCCCI,O
0,for_solvent_tsne,CC(C)=C(C)C,O
0,for_solvent_tsne,CCSC(C)=O,O
0,for_solvent_tsne,ICI,O
0,for_solvent_tsne,CCCCCOC,O
0,for_solvent_tsne,C/C=C\C,O
0,for_solvent_tsne,CCCCCCCCCCCC(=O)OCC,O
0,for_solvent_tsne,C=C=C(C)C,O
0,for_solvent_tsne,FC(Cl)(Cl)Cl,O
0,for_solvent_tsne,CCCCCCCCCCOC(=O)c1ccccc1C(=O)OCCCCCCCCCC,O
0,for_solvent_tsne,C=CCCCCCCCCCCCCC,O
0,for_solvent_tsne,[H]O[H],O
0,for_solvent_tsne,CCc1ccc(C)c(C)c1,O
0,for_solvent_tsne,COC(C)C,O
0,for_solvent_tsne,CCOCC(C)OC(C)=O,O
0,for_solvent_tsne,C=CC/C=C/C,O
0,for_solvent_tsne,CCC(O)OC(O)CC,O
0,for_solvent_tsne,c1ccc(COCc2ccccc2)cc1,O
0,for_solvent_tsne,CCOCCOCCOCCOCCO,O
0,for_solvent_tsne,CCCC[C@@H](C)C(=O)[O-],O
0,for_solvent_tsne,c1cocn1,O
0,for_solvent_tsne,Cc1ccccc1N,O
0,for_solvent_tsne,CC[C@H](C)[NH2+][C@H](C)CC,O
0,for_solvent_tsne,CC(=O)CC(C)(C)O,O
0,for_solvent_tsne,CCCCCCCCNCCCCCCCC,O
0,for_solvent_tsne,CCC(C)OC(C)=O,O
0,for_solvent_tsne,CCCCCSCC,O
0,for_solvent_tsne,C1=CCCCCC1,O
0,for_solvent_tsne,CCCCCCOCCCCCC,O
0,for_solvent_tsne,CC(C)C1CCCCC1,O
0,for_solvent_tsne,CCCCC(CC)COC(=O)CCCCC(=O)OCC(CC)CCCC,O
0,for_solvent_tsne,CC(C)(O)C#N,O
0,for_solvent_tsne,CCCCOC(=O)CC,O
0,for_solvent_tsne,CCCCC(C)O,O
0,for_solvent_tsne,c1ccc2c(c1)CCC2,O
0,for_solvent_tsne,CCS(=O)(=O)Cl,O
0,for_solvent_tsne,C1=C\C=C/C=C\C=C/1,O
0,for_solvent_tsne,CCCOC(=O)CCC,O
0,for_solvent_tsne,CCc1c(C)ccc(C)c1C,O
0,for_solvent_tsne,CCCC(C)S,O
0,for_solvent_tsne,CC1CCC(C)CC1,O
0,for_solvent_tsne,Cc1cscc1C,O
0,for_solvent_tsne,COC(C)COC(C)CO,O
0,for_solvent_tsne,OCc1ccco1,O
0,for_solvent_tsne,FC(F)(F)I,O
0,for_solvent_tsne,Cn1cccc1,O
0,for_solvent_tsne,FC(F)CC(F)(F)F,O
0,for_solvent_tsne,CCC(CC)(CC)CC,O
0,for_solvent_tsne,CC[NH+](C)CC,O
0,for_solvent_tsne,CCC(=O)OC,O
0,for_solvent_tsne,Cc1ccc2c(c1)CCC2,O
0,for_solvent_tsne,C=COC(=O)C(C)(C)C,O
0,for_solvent_tsne,CNC(C)=O,O
0,for_solvent_tsne,FC(F)=C(F)C(F)(F)F,O
0,for_solvent_tsne,CC(C)CC=O,O
0,for_solvent_tsne,CCCCOCC(C)OCC(C)O,O
0,for_solvent_tsne,CC(C)Cc1ccccc1,O
0,for_solvent_tsne,C#CCCCCCC,O
0,for_solvent_tsne,c1ccc2c(c1)COC2,O
0,for_solvent_tsne,CCCCOP(=O)(OCCCC)OCCCC,O
0,for_solvent_tsne,CCCCCCCCCCCO,O
0,for_solvent_tsne,CCCCCCC(C)O,O
0,for_solvent_tsne,OCCOCCOCCO,O
0,for_solvent_tsne,C=CCCCCCCCCCCC,O
0,for_solvent_tsne,C=C(C)CC(C)(C)C,O
0,for_solvent_tsne,CCOS(=O)(=O)OCC,O
0,for_solvent_tsne,CC(C)(C)c1ccccc1,O
0,for_solvent_tsne,C=Cc1ccc(C(C)(C)C)cc1,O
0,for_solvent_tsne,CCOC(=O)CC(=O)OCC,O
0,for_solvent_tsne,CCCCCCCCCC,O
0,for_solvent_tsne,CCC(C(C)C)C(C)C,O
0,for_solvent_tsne,COCC(C)C,O
0,for_solvent_tsne,CC1CCC(C)C(C)C1C,O
0,for_solvent_tsne,FC(F)(F)C(F)(Cl)Cl,O
0,for_solvent_tsne,CCCCCCCCCCOC(C)=O,O
0,for_solvent_tsne,CCCCCCCCOC(C)=O,O
0,for_solvent_tsne,CCCCOC(=O)/C=C\C(=O)OCCCC,O
0,for_solvent_tsne,CCC(C)(C)C(C)C,O
0,for_solvent_tsne,CC(C)c1cccc(C(C)C)c1,O
0,for_solvent_tsne,C/C(Cl)=C/CCl,O
0,for_solvent_tsne,CCCCC(C)CCCO,O
0,for_solvent_tsne,CCCCCCCCCCCCCc1ccccc1,O
0,for_solvent_tsne,CCC/C=C(/C=O)CC,O
0,for_solvent_tsne,C=CC(O)C#N,O
0,for_solvent_tsne,OOCCCc1ccccc1,O
0,for_solvent_tsne,CC1C=Cc2ccccc21,O
0,for_solvent_tsne,CCCCCCC(C)C(C)C,O
0,for_solvent_tsne,COC(=O)CO,O
0,for_solvent_tsne,OCC1CO1,O
0,for_solvent_tsne,CC1Cc2ccccc2S1,O
0,for_solvent_tsne,CCCCOCCCC,O
0,for_solvent_tsne,CCOCCOCCO,O
0,for_solvent_tsne,CCCCCC(=O)CC,O
0,for_solvent_tsne,C=Cc1ccccc1CC,O
0,for_solvent_tsne,CCCCOC(=O)c1ccccc1,O
0,for_solvent_tsne,OCCCCl,O
0,for_solvent_tsne,CN(C)CCO,O
0,for_solvent_tsne,CCSCC,O
0,for_solvent_tsne,COC(=O)CC#N,O
0,for_solvent_tsne,Cc1cccc(C(C)C)c1,O
0,for_solvent_tsne,c1ccccc1,O
0,for_solvent_tsne,CCOC(=O)Cl,O
0,for_solvent_tsne,CCCC(C)CCC,O
0,for_solvent_tsne,C/C=C/C(C)C,O
0,for_solvent_tsne,OO,O
0,for_solvent_tsne,NCCNCCNCCN,O
0,for_solvent_tsne,CCCCCCCCCCS,O
0,for_solvent_tsne,CC(C)C(=O)OCC(C)(C)C(OC(=O)C(C)C)C(C)C,O
0,for_solvent_tsne,CCCC(CC)CC,O
0,for_solvent_tsne,FC(F)(F)CCl,O
0,for_solvent_tsne,C=CCCCCCCCCCCCC,O
0,for_solvent_tsne,CC(C)I,O
0,for_solvent_tsne,CCCCC(CC)COC(=O)c1ccccc1C(=O)OCC(CC)CCCC,O
0,for_solvent_tsne,CCC(C)Br,O
0,for_solvent_tsne,CCOC(=O)c1ccccc1,O
0,for_solvent_tsne,CN(C)C=O,O
0,for_solvent_tsne,CCCCCCCCC=O,O
0,for_solvent_tsne,CNC1CCCCC1,O
0,for_solvent_tsne,CC(C)CCC(C)C,O
0,for_solvent_tsne,CC(=O)OCc1ccccc1,O
0,for_solvent_tsne,CCC(C)(CC)CC,O
0,for_solvent_tsne,CCCCOCC(C)O,O
0,for_solvent_tsne,[O-][Cl+3]([O-])([O-])O,O
0,for_solvent_tsne,COCC(C)OCC(C)OC(C)CO,O
0,for_solvent_tsne,CCCS(=O)(=O)Cl,O
0,for_solvent_tsne,Cc1ccsc1,O
0,for_solvent_tsne,CCC1CCCCC1,O
0,for_solvent_tsne,O=S(=O)(O)Cl,O
0,for_solvent_tsne,CCOCC(C)O,O
0,for_solvent_tsne,C=C=CCC,O
0,for_solvent_tsne,COC(=O)c1ccc(C(=O)OC)c(C(=O)OC)c1,O
0,for_solvent_tsne,CC(c1ccccc1)c1ccccc1,O
0,for_solvent_tsne,C=C(C)C(=C)C,O
0,for_solvent_tsne,CC/C=C\C/C=C\C/C=C\CCCCCCCC(=O)OCC(COC(=O)CCCCCCC/C=C\C/C=C\C/C=C\CC)OC(=O)CCCCCCC/C=C\C/C=C\C/C=C\CC,O
0,for_solvent_tsne,C/C=C\C#N,O
0,for_solvent_tsne,ClC(Cl)(Cl)c1ccccc1,O
0,for_solvent_tsne,C/C=C\CCC,O
0,for_solvent_tsne,CCCCO,O
0,for_solvent_tsne,CC/C=C\CCC,O
0,for_solvent_tsne,CCC(C)C(C)CC,O
0,for_solvent_tsne,FC(Cl)C(F)(F)F,O
0,for_solvent_tsne,CC(C)=CC=C(C)C,O
0,for_solvent_tsne,CC(=O)CC(C)=O,O
0,for_solvent_tsne,CCCCCCN,O
0,for_solvent_tsne,CCC(CC)CC,O
0,for_solvent_tsne,C/C=C\CC,O
0,for_solvent_tsne,CC(C)(C)OC=O,O
0,for_solvent_tsne,O=C1CCCC1,O
0,for_solvent_tsne,CCCCC=O,O
0,for_solvent_tsne,FC(F)(F)C(Cl)Br,O
0,for_solvent_tsne,CCOCCOC(C)=O,O
0,for_solvent_tsne,SCc1ccccc1,O
0,for_solvent_tsne,CC(C)=CC(C)(C)C,O
0,for_solvent_tsne,ClP(Cl)Cl,O
0,for_solvent_tsne,BrCCBr,O
0,for_solvent_tsne,C#Cc1ccccc1,O
0,for_solvent_tsne,C=C(C)C#N,O
0,for_solvent_tsne,CCCCCCCC(C)C(C)C,O
0,for_solvent_tsne,CN(C)CCN(C)C,O
0,for_solvent_tsne,CCCCCCOC(=O)c1ccccc1C(=O)OCCCCCC,O
0,for_solvent_tsne,CCC(C)N,O
0,for_solvent_tsne,CCCCCCCCCC(=O)OCC,O
0,for_solvent_tsne,C=CCOC(=O)c1ccccc1C(=O)OCC=C,O
0,for_solvent_tsne,FC1(F)C(F)(F)C(F)(Cl)C1(F)Cl,O
0,for_solvent_tsne,CCc1cccc(CC)c1CC,O
0,for_solvent_tsne,CC(C)CC(C)C,O
0,for_solvent_tsne,C=C1CCC2CC1C2(C)C,O
0,for_solvent_tsne,CC,O
0,for_solvent_tsne,C=CC(CC)CCC,O
0,for_solvent_tsne,C=Cc1ccccc1,O
0,for_solvent_tsne,C=CC1CCCCC1,O
0,for_solvent_tsne,CC(C)COCC(C)C,O
0,for_solvent_tsne,CCOC(=O)CCC(=O)OCC,O
0,for_solvent_tsne,CCC(C)=O,O
0,for_solvent_tsne,CC=CCOC(C)=O,O
0,for_solvent_tsne,CC(=O)OO,O
0,for_solvent_tsne,CCc1ccccc1CC,O
0,for_solvent_tsne,COCCOCCO,O
0,for_solvent_tsne,CCCC(C)(C)C,O
0,for_solvent_tsne,CC(C)CC1CCCCC1,O
0,for_solvent_tsne,C=CCC(C)C,O
0,for_solvent_tsne,CCC(C)O,O
0,for_solvent_tsne,C=CCCCCCCC,O
0,for_solvent_tsne,CCC=C(C)C,O
0,for_solvent_tsne,CCCCCCCCCCCN,O
0,for_solvent_tsne,C1=CCC=C1,O
0,for_solvent_tsne,CCc1cc(CC)c(CC)c(CC)c1,O
0,for_solvent_tsne,CCc1ccc(C(C)(C)C)cc1,O
0,for_solvent_tsne,BrC(Br)C(Br)Br,O
0,for_solvent_tsne,OCCCCOC1CCCO1,O
0,for_solvent_tsne,CCOC(C)C,O
0,for_solvent_tsne,CCCCc1cccc2ccccc12,O
0,for_solvent_tsne,OCCCCO,O
0,for_solvent_tsne,CCCCCCC(C)C,O
0,for_solvent_tsne,NC=O,O
0,for_solvent_tsne,Cc1cc(C)nc(C)c1,O
0,for_solvent_tsne,C=CC(=O)OCCC(=O)O,O
0,for_solvent_tsne,C=C(F)C(F)(F)F,O
0,for_solvent_tsne,CCCCCCCCCCCCCCCC(=O)OC(C)C,O
0,for_solvent_tsne,CN=C=O,O
0,for_solvent_tsne,CCCCCCOCCOCCO,O
0,for_solvent_tsne,CCC(C)(C)SC,O
0,for_solvent_tsne,CCO,O
0,for_solvent_tsne,COC,O
0,for_solvent_tsne,CCl,O
0,for_solvent_tsne,CCCCN=C=O,O
0,for_solvent_tsne,C=CCOC(=O)C(=C)C,O
0,for_solvent_tsne,CCC(C)(C)C(=O)O,O
0,for_solvent_tsne,Cc1ccc(Cl)cc1C,O
0,for_solvent_tsne,CCCCOCCOC(C)=O,O
0,for_solvent_tsne,C1CCC(NC2CCCCC2)CC1,O
0,for_solvent_tsne,CCC(OCCCOC)OC(C)=O,O
0,for_solvent_tsne,CCCCC(CC)COC(=O)c1ccc(C(=O)OCC(CC)CCCC)c(C(=O)OCC(CC)CCCC)c1,O
0,for_solvent_tsne,C=CCC,O
0,for_solvent_tsne,CCN(CC)c1ccccc1,O
0,for_solvent_tsne,NCCNCCNCCNCCN,O
0,for_solvent_tsne,COCC(C)N,O
0,for_solvent_tsne,CCCCCCCC(C)C,O
0,for_solvent_tsne,C1CCCCCC1,O
0,for_solvent_tsne,CCCCOCCOCCOCCO,O
0,for_solvent_tsne,CCOC(C)(C)CC,O
0,for_solvent_tsne,FC(F)Cl,O
0,for_solvent_tsne,CC(Cl)C(C)Cl,O
0,for_solvent_tsne,C[C@H]1CCC[C@H]1C,O
0,for_solvent_tsne,CCC(C)(C)CC,O
0,for_solvent_tsne,CC(O)CC=O,O
0,for_solvent_tsne,Brc1cccc2ccccc12,O
0,for_solvent_tsne,CCOc1ccc(N)cc1,O
0,for_solvent_tsne,CCCCCc1cccc2ccccc12,O
0,for_solvent_tsne,Cc1ccc(C)c(C)c1C,O
0,for_solvent_tsne,C#CC(C)C,O
0,for_solvent_tsne,C=CCC(C)CC,O
0,for_solvent_tsne,C=C/C=C/CC,O
0,for_solvent_tsne,CCCc1ccccc1,O
0,for_solvent_tsne,Ic1ccccc1,O
0,for_solvent_tsne,O=Cc1ccccc1,O
0,for_solvent_tsne,O,O
0,for_solvent_tsne,C=CC=C,O
0,for_solvent_tsne,Clc1cccc(Cl)c1,O
0,for_solvent_tsne,CCOCCCOC(O)CC,O
0,for_solvent_tsne,CCCSCCC,O
0,for_solvent_tsne,CSC,O
0,for_solvent_tsne,CCOCOCC,O
0,for_solvent_tsne,COCCOCCOCCOCCOC,O
0,for_solvent_tsne,CCCC(C)CCC(C)C,O
0,for_solvent_tsne,CCCCCCI,O
0,for_solvent_tsne,FC(F)=C(F)OC(F)(F)F,O
0,for_solvent_tsne,CCCCCCCOC(=O)c1ccccc1C(=O)OCCCCCCC,O
0,for_solvent_tsne,CC(C)CCCC(C)CCCC(C)CCCCC(C)CCCC(C)CCCC(C)C,O
0,for_solvent_tsne,Cc1ccccc1,O
0,for_solvent_tsne,CC(Cl)Cl,O
0,for_solvent_tsne,OCCN1CCOCC1,O
0,for_solvent_tsne,CC(C)C(C)(C)C(C)C,O
0,for_solvent_tsne,CC(=O)CCC(C)C,O
0,for_solvent_tsne,CCCCCC(C)O,O
0,for_solvent_tsne,CCc1ccccc1N,O
0,for_solvent_tsne,N#CC=CCCC#N,O
0,for_solvent_tsne,O=S1(=O)CCCC1,O
0,for_solvent_tsne,Cc1ccc(Cl)cc1Cl,O
0,for_solvent_tsne,CC1CC=CC1,O
0,for_solvent_tsne,CCCC=O,O
0,for_solvent_tsne,FC(F)(F)C(F)(F)C(F)(F)F,O
0,for_solvent_tsne,CN1CCCC1=S,O
0,for_solvent_tsne,CC(C)CCCCCOC(=O)c1ccccc1C(=O)OCCCCCC(C)C,O
0,for_solvent_tsne,CCCCCCCCCOC(C)=O,O
0,for_solvent_tsne,CCCc1ccccc1C,O
0,for_solvent_tsne,C1=COCC1,O
0,for_solvent_tsne,CCCCSCCCC,O
0,for_solvent_tsne,C=C(F)F,O
0,for_solvent_tsne,O=S(=O)=O,O
0,for_solvent_tsne,CC(C)(C)S,O
0,for_solvent_tsne,CCCC(=O)O,O
0,for_solvent_tsne,CC(=O)CO,O
0,for_solvent_tsne,CC(C)(OO)c1ccccc1,O
0,for_solvent_tsne,CSC(C)(C)C,O
0,for_solvent_tsne,CC1CCC[C@@H](O)C1,O
0,for_solvent_tsne,CCCCCCCCCS,O
0,for_solvent_tsne,CCOCCOCCOCC,O
0,for_solvent_tsne,C1CSC1,O
0,for_solvent_tsne,C1CCNC1,O
0,for_solvent_tsne,CC1CC(C)CC(C)C1,O
0,for_solvent_tsne,CC1=CCC(=C(C)C)CC1,O
0,for_solvent_tsne,C=CC=O,O
0,for_solvent_tsne,COC=O,O
0,for_solvent_tsne,FC(F)(F)C1(F)C(F)(F)C(F)(F)C(F)(F)C1(F)F,O
0,for_solvent_tsne,FC(F)(Cl)Cl,O
0,for_solvent_tsne,C/C=C/C=C/C,O
0,for_solvent_tsne,CC(C)CC(=O)CC(C)CC(C)C,O
0,for_solvent_tsne,CCNC=O,O
0,for_solvent_tsne,C=C(C)C(=O)O,O
0,for_solvent_tsne,CCC(C)(C)O,O
0,for_solvent_tsne,O=[N+]([O-])C([N+](=O)[O-])([N+](=O)[O-])[N+](=O)[O-],O
0,for_solvent_tsne,CC(C)CCCCO,O
0,for_solvent_tsne,CCc1c(C)cccc1C,O
0,for_solvent_tsne,C=CC(F)(F)F,O
0,for_solvent_tsne,CCCCC/C=C\C/C=C\CCCCCCCC(=O)O,O
0,for_solvent_tsne,CCCCCCCCCCCCCC(=O)OC(C)C,O
0,for_solvent_tsne,FC(F)Br,O
0,for_solvent_tsne,CCC(=O)OC(=O)CC,O
0,for_solvent_tsne,FC(F)C(F)(F)F,O
0,for_solvent_tsne,c1ccsc1,O
0,for_solvent_tsne,CC(=O)C(C)C,O
0,for_solvent_tsne,CCC/C=C\CCC,O
0,for_solvent_tsne,CC(=O)OC1CC(C)OC(C)O1,O
0,for_solvent_tsne,C=CCCC(C)C,O
0,for_solvent_tsne,CCCCC/C=C\C/C=C\CCCCCCCC(=O)OCC,O
0,for_solvent_tsne,COC(F)F,O
0,for_solvent_tsne,CC1(C)CCCC1,O
0,for_solvent_tsne,CCCOCC,O
0,for_solvent_tsne,O=NF,O
0,for_solvent_tsne,C1CCOC1,O
0,for_solvent_tsne,CCCOC(=O)CC,O
0,for_solvent_tsne,CCCCC(CC)COC(C)=O,O
0,for_solvent_tsne,CCC(CC)C(=O)O,O
0,for_solvent_tsne,CCC(=O)OC(C)COC,O
0,for_solvent_tsne,CC(O)COC(C)(C)C,O
0,for_solvent_tsne,CCCS,O
0,for_solvent_tsne,CCN,O
0,for_solvent_tsne,O=[N+]([O-])c1cc(C(F)(F)F)ccc1Cl,O
0,for_solvent_tsne,C=C(C)OC(C)=O,O
0,for_solvent_tsne,O=P(Cl)(Cl)Cl,O
0,for_solvent_tsne,CCCCCCCBr,O
0,for_solvent_tsne,CCBr,O
0,for_solvent_tsne,COCCO,O
0,for_solvent_tsne,C=C/C=C\C,O
0,for_solvent_tsne,SCCS,O
0,for_solvent_tsne,CCc1cccc(C)c1,O
0,for_solvent_tsne,C#CCO,O
0,for_solvent_tsne,CCOC(=O)CC#N,O
0,for_solvent_tsne,CC(C)OC(C)C,O
0,for_solvent_tsne,CC(C)CCC(C)(C)C,O
0,for_solvent_tsne,NCCCN,O
0,for_solvent_tsne,OCCO,O
0,for_solvent_tsne,CCCCCCCC/C=C\CCCCCCCC(=O)OCC(COC(=O)CCCCCCC/C=C\CCCCCCCC)OC(=O)CCCCCCC/C=C\CCCCCCCC,O
0,for_solvent_tsne,C=CCCl,O
0,for_solvent_tsne,CC(C)CCCCCCCOC(=O)c1ccccc1C(=O)OCCCCCCCC(C)C,O
0,for_solvent_tsne,C=C(C)C(=O)OC(C)(C)C,O
0,for_solvent_tsne,CBr,O
0,for_solvent_tsne,CSCCC=O,O
0,for_solvent_tsne,C=Cc1ccc(C)cc1,O
0,for_solvent_tsne,FC(F)(F)c1ccc(Cl)cc1,O
0,for_solvent_tsne,O=S=O,O
0,for_solvent_tsne,O=C(O)CC1CCCC1,O
0,for_solvent_tsne,CCCCCCC(=O)CC,O
0,for_solvent_tsne,N#CCCOCCC#N,O
0,for_solvent_tsne,CCCCCCCCCC(C)CO,O
0,for_solvent_tsne,O=C=NCCCCN=C=O,O
0,for_solvent_tsne,c1cc[nH]c1,O
0,for_solvent_tsne,CC(C)CCO,O
0,for_solvent_tsne,CCOCc1ccccc1,O
0,for_solvent_tsne,CC(C)N,O
0,for_solvent_tsne,CCCCCOC(=O)CCC,O
0,for_solvent_tsne,CCCOC,O
0,for_solvent_tsne,CC(=O)C(=O)O,O
0,for_solvent_tsne,CCCCCCCS,O
0,for_solvent_tsne,FC(F)F,O
0,for_solvent_tsne,CC(=O)CC(=O)OC(C)(C)C,O
0,for_solvent_tsne,CC(CO)CO,O
0,for_solvent_tsne,CC1=CC=C(C(C)C)CC1,O
0,for_solvent_tsne,C=CCOCC(C)O,O
0,for_solvent_tsne,Cc1ccccc1C,O
0,for_solvent_tsne,FC(F)(F)Br,O
0,for_solvent_tsne,CCC(C)S,O
0,for_solvent_tsne,CCOP(=O)(OCC)OCC,O
0,for_solvent_tsne,CC(C)SC(C)C,O
0,for_solvent_tsne,CCc1ccc(CCc2ccccc2)cc1,O
0,for_solvent_tsne,CCC1CCCc2ccccc21,O
0,for_solvent_tsne,C=Cc1ccc(CC(C)C)cc1,O
0,for_solvent_tsne,CCCCCOCCCCC,O
0,for_solvent_tsne,CCSC,O
0,for_solvent_tsne,CCCCC1CCCCC1,O
0,for_solvent_tsne,FC(F)=CCl,O
0,for_solvent_tsne,CCc1cccc(C)c1C,O
0,for_solvent_tsne,Cl/C=C\Cl,O
0,for_solvent_tsne,COC(=O)/C=C\C(=O)OC,O
0,for_solvent_tsne,CCOC(C)=O,O
0,for_solvent_tsne,CC12CC3CC(C1)CC(C)(C3)C2,O
0,for_solvent_tsne,S=C=S,O
0,for_solvent_tsne,O=C=NC1CCCCC1,O
0,for_solvent_tsne,CCCCCCCCCc1cccc2ccccc12,O
0,for_solvent_tsne,Cc1cccnc1C,O
0,for_solvent_tsne,CCC(C)(C)C(C)(C)C,O
0,for_solvent_tsne,CCCC(C)C(C)C,O
0,for_solvent_tsne,CCOC(=O)CC,O
0,for_solvent_tsne,CCCC#N,O
0,for_solvent_tsne,FC(Cl)C(F)(F)Cl,O
0,for_solvent_tsne,CCCCCCCCCCCc1ccccc1,O
0,for_solvent_tsne,CCCC,O
0,for_solvent_tsne,C=CC(=O)OC,O
0,for_solvent_tsne,CCCSCC,O
0,for_solvent_tsne,C/C=C\c1ccccc1,O
0,for_solvent_tsne,CCc1cccc(O)c1,O
0,for_solvent_tsne,C#CCC=C,O
0,for_solvent_tsne,CCCCCC(=O)CCC,O
0,for_solvent_tsne,C[C@H]1CCC[C@@H](C)C1,O
0,for_solvent_tsne,CCCCCCCCC(C)C,O
0,for_solvent_tsne,CCOC(=O)Cc1ccccc1,O
0,for_solvent_tsne,OCc1ccccc1,O
0,for_solvent_tsne,C[C@H](O)[C@@H](C)O,O
0,for_solvent_tsne,COC(C)CCO,O
0,for_solvent_tsne,CCCCCCCCCCCCBr,O
0,for_solvent_tsne,C=CC(C)C=C,O
0,for_solvent_tsne,C=CC(=O)OC(C)CC,O
0,for_solvent_tsne,C=CC(OC(C)=O)OC(C)=O,O
0,for_solvent_tsne,C1CC(C2CCOC2)CO1,O
0,for_solvent_tsne,CCCCCCCCCO,O
0,for_solvent_tsne,COC1CCC=CO1,O
0,for_solvent_tsne,FCC(Cl)(Cl)Cl,O
0,for_solvent_tsne,CC(OO)c1ccccc1,O
0,for_solvent_tsne,CCCc1cccc2ccccc12,O
0,for_solvent_tsne,CCCCN(C=O)CCCC,O
0,for_solvent_tsne,C=C(C)CCCCC,O
0,for_solvent_tsne,CC(O)CCl,O
0,for_solvent_tsne,CC1CCCCC1O,O
0,for_solvent_tsne,CCOC(OCC)OCC,O
0,for_solvent_tsne,CC(C)S,O
0,for_solvent_tsne,CCCCCCCCCCO,O
0,for_solvent_tsne,C1=CCCC1,O
0,for_solvent_tsne,CC(F)(F)Cl,O
0,for_solvent_tsne,CCCCC(C)C=O,O
0,for_solvent_tsne,C=C(C)C(=O)OCC(C)O,O
0,for_solvent_tsne,C=CCCCCCC,O
0,for_solvent_tsne,CCCCCCC(C)(C)C,O
0,for_solvent_tsne,C[C@H](CO)OC(C)(C)C,O
0,for_solvent_tsne,CC(C)CC(C)(C)C,O
0,for_solvent_tsne,C=CC1CC=C(C)CC1,O
0,for_solvent_tsne,CCOCC,O
0,for_solvent_tsne,O=[N+]([O-])c1ccccc1,O
0,for_solvent_tsne,CCN1CCOCC1,O
0,for_solvent_tsne,O=CC1CCCCC1,O
0,for_solvent_tsne,OC(CCl)CCl,O
0,for_solvent_tsne,C=C1C=C[C@H](C(C)C)CC1,O
0,for_solvent_tsne,O=[N+]([O-])O,O
0,for_solvent_tsne,CCOCC(C)C,O
0,for_solvent_tsne,Brc1cccc(Br)c1,O
0,for_solvent_tsne,CC(F)(Cl)Cl,O
0,for_solvent_tsne,CN1CCCCC1=O,O
0,for_solvent_tsne,Cc1cccc2ccccc12,O
0,for_solvent_tsne,CC(=O)c1ccccc1,O
0,for_solvent_tsne,CCCCCCCCCCCC(=O)OC,O
0,for_solvent_tsne,ClCc1ccccc1,O
0,for_solvent_tsne,C1=CCCCC1,O
0,for_solvent_tsne,C1CCOCC1,O
0,for_solvent_tsne,OCCS,O
0,for_solvent_tsne,OCCOCCOCCOCCO,O
0,for_solvent_tsne,CCC(C)OC,O
0,for_solvent_tsne,CCCCC/C=C\C/C=C\CCCCCCCC(=O)OCC(COC(=O)CCCCCCC/C=C\C/C=C\CCCCC)OC(=O)CCCCCCC/C=C\C/C=C\CCCCC,O
0,for_solvent_tsne,CCc1cccc(CC)c1,O
0,for_solvent_tsne,O=[N+]([O-])OCC(CO[N+](=O)[O-])O[N+](=O)[O-],O
0,for_solvent_tsne,CCN1CCCC1=O,O
0,for_solvent_tsne,CCCCCCOCCO,O
0,for_solvent_tsne,ClC(Cl)(Cl)Br,O
0,for_solvent_tsne,CCC(C)Cl,O
0,for_solvent_tsne,CC(O)c1ccccc1,O
0,for_solvent_tsne,CC(C)CS,O
0,for_solvent_tsne,CCCCC(CC)COC(=O)c1ccc(C(=O)OCC(CC)CCCC)cc1,O
0,for_solvent_tsne,CCCCCC(C)CC,O
0,for_solvent_tsne,CC/C(C)=N/O,O
0,for_solvent_tsne,CCCCCCCCCCCCCCc1ccccc1,O
0,for_solvent_tsne,CC(O)C(=O)O,O
0,for_solvent_tsne,C#CCCCCCCCC,O
0,for_solvent_tsne,CCCCCCCCOC(=O)CCCCC(=O)OCCCCCCCC,O
0,for_solvent_tsne,Cc1ccccc1C(C)C,O
0,for_solvent_tsne,Cc1ccccc1[N+](=O)[O-],O
0,for_solvent_tsne,CCCCN(CCCC)CCCC,O
0,for_solvent_tsne,C=C(C)C(=O)OCCCC,O
0,for_solvent_tsne,C/C=C\CCCC,O
0,for_solvent_tsne,CCCCCCCCC(CO)CCCC,O
0,for_solvent_tsne,NCCCO,O
0,for_solvent_tsne,CCCCCCC(C)C=O,O
0,for_solvent_tsne,CC(C)Br,O
0,for_solvent_tsne,CCCC(C)CO,O
0,for_solvent_tsne,CC1(C)CC(N=C=O)CC(C)(CN=C=O)C1,O
0,for_solvent_tsne,CCCCC1CCCC1,O
0,for_solvent_tsne,CCOO,O
0,for_solvent_tsne,O=C=Nc1ccccc1,O
0,for_solvent_tsne,COC(F)(F)C(F)(F)C(F)(F)C(F)(F)F,O
0,for_solvent_tsne,CC(C)NC(C)C,O
0,for_solvent_tsne,CCCCBr,O
0,for_solvent_tsne,CCCCCCCC/C=C\CCCCCCCCCCCC(=O)OC,O
0,for_solvent_tsne,O=C1C=CCCC1,O
0,for_solvent_tsne,CNc1ccccc1,O
0,for_solvent_tsne,CCC(CC)C(C)(C)C,O
0,for_solvent_tsne,C=CC(=O)OCCCC,O
0,for_solvent_tsne,OCCN1CCNCC1,O
0,for_solvent_tsne,Cc1ccc2ccccc2n1,O
0,for_solvent_tsne,CCC(CC)CO,O
0,for_solvent_tsne,CCC,O
0,for_solvent_tsne,N,O
0,for_solvent_tsne,ClCCCCl,O
0,for_solvent_tsne,CC(=O)C=C(C)C,O
0,for_solvent_tsne,CC(C)(C)OOC(C)(C)C,O
0,for_solvent_tsne,CCCc1ccc(C)cc1,O
0,for_solvent_tsne,C#CCCCCCCC,O
0,for_solvent_tsne,FC(F)(F)C(F)(F)C(F)(F)C(F)(F)F,O
0,for_solvent_tsne,C=COC(C)=O,O
0,for_solvent_tsne,CC#CCCC,O
0,for_solvent_tsne,CCCCCCCCCCCCCCC,O
0,for_solvent_tsne,CCCCCCC1CCCc2ccccc21,O
0,for_solvent_tsne,CC(C)(C)C1CCCCC1,O
0,for_solvent_tsne,ClC1CCCCC1,O
0,for_solvent_tsne,CCCCC(=O)CCCC,O
0,for_solvent_tsne,CCCSSCCC,O
0,for_solvent_tsne,CC(C)(C)N,O
0,for_solvent_tsne,COCC(=O)O,O
0,for_solvent_tsne,CN1CCCC1,O
0,for_solvent_tsne,ClSCl,O
0,for_solvent_tsne,CCN(CC)CC,O
0,for_solvent_tsne,CCC1CCCC1,O
0,for_solvent_tsne,CC(F)(F)F,O
0,for_solvent_tsne,CC/C=C/CCCC,O
0,for_solvent_tsne,C=CCOC(=O)C=C,O
0,for_solvent_tsne,CCCCC(O)CC,O
0,for_solvent_tsne,C=CC(=O)O,O
0,for_solvent_tsne,CC(=O)OCC(COC(C)=O)OC(C)=O,O
0,for_solvent_tsne,CC(C)[N+](=O)[O-],O
0,for_solvent_tsne,c1ccc2c(c1)CCCC2,O
0,for_solvent_tsne,CC(=O)OC1CCCCC1,O
0,for_solvent_tsne,SC1CCCCC1,O
0,for_solvent_tsne,C[C@@H]1CC[C@@H](C)C1,O
0,for_solvent_tsne,CC(C)C(C)(C)C(C)(C)C(C)(C)S,O
0,for_solvent_tsne,CC/C=C\CCCC,O
0,for_solvent_tsne,COC(C)O,O
0,for_solvent_tsne,CC(C)CC(O)CC(C)C,O
0,for_solvent_tsne,O=[N+]([O-])[N+](=O)[O-],O
0,for_solvent_tsne,CCCC(C)=O,O
0,for_solvent_tsne,C/C=C\C(C)C,O
0,for_solvent_tsne,OOC1CCCCC1,O
0,for_solvent_tsne,NCCO,O
0,for_solvent_tsne,CCC(O)CO,O
0,for_solvent_tsne,CCC(C)CC(C)(C)CC,O
0,for_solvent_tsne,CCc1cc2ccccc2s1,O
0,for_solvent_tsne,CC1CCCC1(C)C,O
0,for_solvent_tsne,CCCCCC=O,O
0,for_solvent_tsne,CCCCCCCCC(C)C(C)C,O
0,for_solvent_tsne,C=Cc1ccccc1C,O
0,for_solvent_tsne,CCC(C)CC(C)C,O
0,for_solvent_tsne,CC(O)CO,O
0,for_solvent_tsne,C=CCCCC(C)C,O
0,for_solvent_tsne,O=C1CCCO1,O
0,for_solvent_tsne,CCCCCCCCOCCCCCCCC,O
0,for_solvent_tsne,CC(C)(C)CC(C)(C)C,O
0,for_solvent_tsne,C=CCC#N,O
0,for_solvent_tsne,CC1=CC2C3CC(C=C3C)C2C1,O
0,for_solvent_tsne,CCOCCO,O
0,for_solvent_tsne,CCCCCOCCO,O
0,for_solvent_tsne,CCCCC(CC)CNCC(CC)CCCC,O
0,for_solvent_tsne,CC(C)(C)C,O
0,for_solvent_tsne,CCCCOO,O
0,for_solvent_tsne,CCOC(=O)C(=O)OCC,O
0,for_solvent_tsne,CCOC(=O)C(C)C,O
0,for_solvent_tsne,C=CCCCCC,O
0,for_solvent_tsne,C[C@H]1CC[C@@H](C)C1,O
0,for_solvent_tsne,COC(=O)c1ccccc1,O
0,for_solvent_tsne,CCCO,O
0,for_solvent_tsne,ClCCCCCl,O
0,for_solvent_tsne,CCCOCCC,O
0,for_solvent_tsne,CCC(C)(C)OC,O
0,for_solvent_tsne,CCC(=O)C(C)C,O
0,for_solvent_tsne,CCSSCC,O
0,for_solvent_tsne,Cc1ccccc1C=O,O
0,for_solvent_tsne,Cc1cccc([N+](=O)[O-])c1,O
0,for_solvent_tsne,COC(=O)CCl,O
0,for_solvent_tsne,Cl/C=C/CCl,O
0,for_solvent_tsne,C=CC(=O)OCCCCCCOC(=O)C=C,O
0,for_solvent_tsne,O=C(Cl)C(Cl)Cl,O
0,for_solvent_tsne,COC(C)=O,O
0,for_solvent_tsne,COCCOC,O
0,for_solvent_tsne,C/C=C/CCCC,O
0,for_solvent_tsne,C=C(C)C(=O)OCC(C)C,O
0,for_solvent_tsne,O=C(O)CS,O
0,for_solvent_tsne,CCCCC(CC)CC=O,O
0,for_solvent_tsne,CCC(C)C1CCCCC1,O
0,for_solvent_tsne,CC/C=C\CC,O
0,for_solvent_tsne,CCCCOCCOCCOCCCC,O
0,for_solvent_tsne,C=CC(=O)OCCO,O
0,for_solvent_tsne,CCOC(=O)c1ccccc1C(=O)OCC,O
0,for_solvent_tsne,C/C=C(/C)c1ccccc1,O
0,for_solvent_tsne,CC1COC(=O)O1,O
0,for_solvent_tsne,CCCOCCO,O
0,for_solvent_tsne,OC1CCCCC1,O
0,for_solvent_tsne,C=CC#N,O
0,for_solvent_tsne,CC1=Cc2ccccc2C1,O
0,for_solvent_tsne,CC(C)C(=O)O,O
0,for_solvent_tsne,C/C=C\CCCCCCCCC,O
0,for_solvent_tsne,OCC(O)CCl,O
0,for_solvent_tsne,C=C(Cl)Cl,O
0,for_solvent_tsne,CC(=O)OCCOC(C)=O,O
0,for_solvent_tsne,C=CCl,O
0,for_solvent_tsne,FC(F)=C(F)C(F)=C(F)F,O
0,for_solvent_tsne,Cc1ccccc1Cl,O
0,for_solvent_tsne,CCCCCCCCCCC,O
0,for_solvent_tsne,C=C(C)C(=O)OC,O
0,for_solvent_tsne,C/C=C\C=C\C,O
0,for_solvent_tsne,C=CCCC=C,O
0,for_solvent_tsne,CCCCCCOCCOCCOCCO,O
0,for_solvent_tsne,O=Cc1ccco1,O
0,for_solvent_tsne,CCC(C)c1ccccc1,O
0,for_solvent_tsne,Cc1ccsc1C,O
0,for_solvent_tsne,FC(F)(F)C(Cl)(Cl)Cl,O
0,for_solvent_tsne,c1ccc(OCC2CO2)cc1,O
0,for_solvent_tsne,CCc1cc(C)sc1C,O
0,for_solvent_tsne,COCC(C)OC,O
0,for_solvent_tsne,CCCOCCOCCOCCO,O
0,for_solvent_tsne,CC/C=C\C/C=C\C/C=C\CCCCCCCC(=O)OC,O
0,for_solvent_tsne,NCCOCCN1CCOCC1,O
0,for_solvent_tsne,CCCCC(C)CCC,O
0,for_solvent_tsne,FC(F)(Cl)C(F)(Cl)Cl,O
0,for_solvent_tsne,FC(F)(F)CC(F)(F)F,O
0,for_solvent_tsne,CC1CCCO1,O
0,for_solvent_tsne,CC(=O)Cl,O
0,for_solvent_tsne,CCC(C)C(=O)O,O
0,for_solvent_tsne,CCCCC(C)C,O
0,for_solvent_tsne,OCC(O)CO,O
0,for_solvent_tsne,FC(F)=C(F)Cl,O
0,for_solvent_tsne,C=CCOCC=C,O
0,for_solvent_tsne,CCOP(OCC)OCC,O
0,for_solvent_tsne,Brc1ccccc1,O
0,for_solvent_tsne,CS(C)=O,O
0,for_solvent_tsne,C=CBr,O
0,for_solvent_tsne,COCCN1CCOCC1,O
0,for_solvent_tsne,COC(=O)c1ccccc1C(=O)OC,O
0,for_solvent_tsne,C1CCCCCCC1,O
0,for_solvent_tsne,CC(O)COC(C)COC(C)(C)C,O
0,for_solvent_tsne,CCCC1CCCC1,O
0,for_solvent_tsne,C/C=C/CCCCCCCCCCCCCCCCC,O
0,for_solvent_tsne,NCc1ccccc1,O
0,for_solvent_tsne,CCCSC,O
0,for_solvent_tsne,CC(C)CO,O
0,for_solvent_tsne,S,O
0,for_solvent_tsne,FC(C(F)(F)F)C(F)(F)F,O
0,for_solvent_tsne,C=Cc1cccc(CC)c1,O
0,for_solvent_tsne,OCCCl,O
0,for_solvent_tsne,CC(CO)c1ccccc1,O
0,for_solvent_tsne,CCC#CCC,O
0,for_solvent_tsne,ClC/C=C\CCl,O
0,for_solvent_tsne,CC(=O)Oc1ccccc1,O
0,for_solvent_tsne,COC(=O)CC(C)=O,O
0,for_solvent_tsne,Cc1ccc(C(C)C)cc1,O
0,for_solvent_tsne,Cc1cccc(Cl)c1C,O
0,for_solvent_tsne,C=CCCCCCCCCCCCCCCCCC,O
0,for_solvent_tsne,CC(C)COC(=O)C(C)C,O
0,for_solvent_tsne,CC(=O)N(C)C,O
0,for_solvent_tsne,CCCCCC/C=C\CCCCCCCC(=O)OC,O
0,for_solvent_tsne,N#CCc1ccccc1,O
0,for_solvent_tsne,C1COCCN1,O
0,for_solvent_tsne,CCCCCN,O
0,for_solvent_tsne,CCC1CCCS1,O
0,for_solvent_tsne,C1=CCOC1,O
0,for_solvent_tsne,CCc1cc(CC)cc(CC)c1,O
0,for_solvent_tsne,C=CCCCCCCCC,O
0,for_solvent_tsne,C=C(C)CNCC,O
0,for_solvent_tsne,CC#CCC,O
0,for_solvent_tsne,C#CCCC,O
0,for_solvent_tsne,CC1CCCCC1,O
0,for_solvent_tsne,CCCCCCCCCCCCc1ccccc1,O
0,for_solvent_tsne,FC(F)(Br)C(F)(F)Br,O
0,for_solvent_tsne,C1=C\CCCCCC/1,O
0,for_solvent_tsne,C=C/C=C/C,O
0,for_solvent_tsne,CCCC1CCCCC1,O
0,for_solvent_tsne,Cc1ccc2occ(C)c2c1,O
0,for_solvent_tsne,CCCCCCCCCCN,O
0,for_solvent_tsne,CCOC(=O)CCC(C)=O,O
0,for_solvent_tsne,C=CCCCCCCCCC,O
0,for_solvent_tsne,CCCCCCCCCCCC(C)CO,O
0,for_solvent_tsne,OCCOCCO,O
0,for_solvent_tsne,N#CCCO,O
0,for_solvent_tsne,CN1CCN(C)C1=O,O
0,for_solvent_tsne,ClC(Cl)c1ccccc1,O
0,for_solvent_tsne,Cc1ccc(N)c(C)c1,O
0,for_solvent_tsne,CCCCC(C)CO,O
0,for_solvent_tsne,CC(C)(C)CCC(C)(C)C,O
0,for_solvent_tsne,C/C=C/C#N,O
0,for_solvent_tsne,CCCOC(=O)c1ccccc1C(=O)OCCC,O
0,for_solvent_tsne,CCCCC(CC)COCCO,O
0,for_solvent_tsne,CCCC(O)CC,O
0,for_solvent_tsne,C=CC#CC,O
0,for_solvent_tsne,CCc1cc(C)c(C)cc1C,O
0,for_solvent_tsne,ClC/C=C/CCl,O
0,for_solvent_tsne,CCCCCC=CCC=CCCCCCCCC(=O)O,O
0,for_solvent_tsne,CC1=CCCC1,O
0,for_solvent_tsne,CCCCC#N,O
0,for_solvent_tsne,Cc1ccccn1,O
0,for_solvent_tsne,C=CCN(CC=C)CC=C,O
0,for_solvent_tsne,OC/C=C\CO,O
0,for_solvent_tsne,CCCCCCCCCC=O,O
0,for_solvent_tsne,C1CCCNCC1,O
0,for_solvent_tsne,ClCC(Cl)CCl,O
0,for_solvent_tsne,OCCCc1ccccc1,O
0,for_solvent_tsne,C1CCCCC1,O
0,for_solvent_tsne,C1CCNCC1,O
0,for_solvent_tsne,CCCCCCCCCCCCC,O
0,for_solvent_tsne,CC(C)(C)OC(C)(C)C,O
0,for_solvent_tsne,O=C(O)C1CC1,O
0,for_solvent_tsne,CCC(Cl)Cl,O
0,for_solvent_tsne,CC1CO1,O
0,for_solvent_tsne,SCCOCCS,O
0,for_solvent_tsne,C=C(C)C(=O)OCCCCCCCCCCCCCCCC,O
0,for_solvent_tsne,P,O
0,for_solvent_tsne,CCCCOCCOCCO,O
0,for_solvent_tsne,ClC(Cl)C(Cl)(Cl)Cl,O
0,for_solvent_tsne,FC(F)OCC(F)(F)F,O
0,for_solvent_tsne,CC(=O)CC(C)C,O
0,for_solvent_tsne,CSSC,O
0,for_solvent_tsne,CCCCOC(=O)c1ccc(C(=O)OCCCC)cc1,O
0,for_solvent_tsne,COCCOCCOC,O
0,for_solvent_tsne,CCCCCCC(=O)O,O
0,for_solvent_tsne,Cl/C=C\CCl,O
0,for_solvent_tsne,CCCCCCOCC,O
0,for_solvent_tsne,CCCCCCS,O
0,for_solvent_tsne,Cc1cccc(O)c1,O
0,for_solvent_tsne,C=O,O
0,for_solvent_tsne,ClCCCl,O
0,for_solvent_tsne,CC(C)c1cc(C(C)C)cc(C(C)C)c1,O
0,for_solvent_tsne,Cc1cc(C)c(C)c(C)c1,O
0,for_solvent_tsne,CCC(O)C(C)CO,O
0,for_solvent_tsne,ClC(Cl)=C(Cl)C(Cl)=C(Cl)Cl,O
0,for_solvent_tsne,CC(OC(C)c1ccccc1)c1ccccc1,O
0,for_solvent_tsne,OCCc1ccccc1,O
0,for_solvent_tsne,C=CCCCCCC(C)C,O
0,for_solvent_tsne,CN(C)P(=O)(N(C)C)N(C)C,O
0,for_solvent_tsne,CCS,O
0,for_solvent_tsne,CF,O
0,for_solvent_tsne,CCC(C)CCCCCO,O
0,for_solvent_tsne,CCCCl,O
0,for_solvent_tsne,CN,O
0,for_solvent_tsne,O=[N+][O-],O
0,for_solvent_tsne,CCCC(C)CC,O
0,for_solvent_tsne,C=CCOOC(C)(C)C,O
0,for_solvent_tsne,FC(Cl)(Cl)C(F)(Cl)Cl,O
0,for_solvent_tsne,O=COC1CCCCC1,O
0,for_solvent_tsne,C=C(C)CCCCCC,O
0,for_solvent_tsne,BrC(Br)Br,O
0,for_solvent_tsne,COC(=O)c1ccccc1O,O
0,for_solvent_tsne,FC(F)=C(F)F,O
0,for_solvent_tsne,C1CCC2CCCCC2C1,O
0,for_solvent_tsne,O=CC(Cl)Cl,O
0,for_solvent_tsne,CCOCCOCC,O
0,for_solvent_tsne,C=CC(=C)Cl,O
0,for_solvent_tsne,CCCCOCC,O
0,for_solvent_tsne,CC[N+](=O)[O-],O
0,for_solvent_tsne,ClCOCCl,O
0,for_solvent_tsne,COO,O
0,for_solvent_tsne,FCC(F)F,O
0,for_solvent_tsne,NCCOCCO,O
0,for_solvent_tsne,CC/C=C/C/C=C/C/C=C/CCCCCCCC(=O)O,O
0,for_solvent_tsne,CCc1ccc(C)cc1C,O
