DGsolv,comment,can_smiles_solvent,can_smiles_solute,predicted
0,for_solvent_tsne,C/C=C/CCCCCCCCCCCC,O,-0.60335505
0,for_solvent_tsne,C#C,O,-1.8395382
0,for_solvent_tsne,CCCC(C)CC=O,O,-3.4000232
0,for_solvent_tsne,CCSSC,O,-1.6607213
0,for_solvent_tsne,C=C(C)/C=C/C,O,-1.9655619
0,for_solvent_tsne,CNC,O,-4.7372074
0,for_solvent_tsne,CCC(C)CO,O,-4.9446096
0,for_solvent_tsne,Cc1ccc(C)c(C)c1,O,-1.2265428
0,for_solvent_tsne,CCC1(C)CCCC1,O,-0.64862186
0,for_solvent_tsne,O=C1CCCN1,O,-5.4594264
0,for_solvent_tsne,CCCCCS,O,-1.6867709
0,for_solvent_tsne,OCCCOCCCO,O,-4.871018
0,for_solvent_tsne,CCCOC=O,O,-4.015653
0,for_solvent_tsne,CCc1ccccc1O,O,-5.6277494
0,for_solvent_tsne,FC(F)(F)C(F)(F)C(F)(F)C(F)(F)C(F)(F)C(F)(F)C(F)(F)C(F)(F)F,O,0.09706606
0,for_solvent_tsne,OCCC(O)CO,O,-6.2258253
0,for_solvent_tsne,CCc1ccccc1C,O,-1.2375375
0,for_solvent_tsne,CC(C)CCCC(C)CCO,O,-2.6635091
0,for_solvent_tsne,C#CCCl,O,-2.289619
0,for_solvent_tsne,O=C(O)C(F)(F)C(F)(F)C(F)(F)F,O,-3.2546034
0,for_solvent_tsne,CCC(O)c1ccccc1,O,-5.0839305
0,for_solvent_tsne,C/C=C(\C)c1ccccc1,O,-1.1281182
0,for_solvent_tsne,CS,O,-2.7284188
0,for_solvent_tsne,CC(=O)OC(C)OC(C)=O,O,-4.1421075
0,for_solvent_tsne,C/C=C/CCc1ccccc1C,O,-0.96120304
0,for_solvent_tsne,C=Cc1cccc(C=C)c1,O,-1.2732005
0,for_solvent_tsne,C=C(C)CCCCCCC,O,-0.68302554
0,for_solvent_tsne,C=C(C)CC,O,-1.357254
0,for_solvent_tsne,FCCl,O,-2.4470334
0,for_solvent_tsne,CCCc1cccs1,O,-1.2518623
0,for_solvent_tsne,CCC(C)OC(C)(C)C,O,-3.2201257
0,for_solvent_tsne,C=COC,O,-4.0220666
0,for_solvent_tsne,CCCCCc1ccccc1,O,-0.9998658
0,for_solvent_tsne,CCCCCCCCCCCC(C)C,O,-0.28027293
0,for_solvent_tsne,CCSSC(C)(C)C,O,-1.1330626
0,for_solvent_tsne,N#CCCCCC#N,O,-4.154464
0,for_solvent_tsne,C=C(C)C(C)=O,O,-5.0259824
0,for_solvent_tsne,CCCCCN(CCCCC)CCCCC,O,-0.96505535
0,for_solvent_tsne,C#CC,O,-2.3315299
0,for_solvent_tsne,O=C1CCCCC1C1CCCCC1,O,-3.9924238
0,for_solvent_tsne,Cc1ccc(N=C=O)cc1N=C=O,O,-3.0854933
0,for_solvent_tsne,C=C[C@H]1COC(=O)O1,O,-4.4165144
0,for_solvent_tsne,CCCCCCCCC=CCCCCCCCC(=O)OCC(COC(=O)CCCCCCCC=CCCCCCCCC)OC(=O)CCCCCCCC=CCCCCCCCC,O,-2.3176463
0,for_solvent_tsne,CCCCCCCCCc1ccccc1,O,-1.0464921
0,for_solvent_tsne,Cc1cccc(C)c1,O,-1.3874766
0,for_solvent_tsne,CCCCCOC=O,O,-3.626219
0,for_solvent_tsne,N#CCl,O,-4.532106
0,for_solvent_tsne,CCCCCC(C)C=O,O,-3.290404
0,for_solvent_tsne,NCCN1CCNCC1,O,-5.31769
0,for_solvent_tsne,CCCCOCCOCCOC(C)=O,O,-4.279574
0,for_solvent_tsne,CCCCCCCCCC(C)C,O,-0.33777314
0,for_solvent_tsne,CCOS(=O)OCC,O,-3.960086
0,for_solvent_tsne,CI,O,-2.092942
0,for_solvent_tsne,CC(C)C1CCCC1,O,-0.56954443
0,for_solvent_tsne,FC1(F)C(F)(F)C(F)(F)C1(F)F,O,-0.3192693
0,for_solvent_tsne,CC(C)OCCO,O,-4.5888376
0,for_solvent_tsne,CC(C)C(=O)OC(=O)C(C)C,O,-3.5992062
0,for_solvent_tsne,FC(Cl)Cl,O,-2.1380794
0,for_solvent_tsne,CC(C)O,O,-4.944327
0,for_solvent_tsne,CC(=O)OCCC(C)C,O,-3.5573177
0,for_solvent_tsne,FC(F)(F)C(F)(F)C(F)(F)C(F)(F)C(F)(F)F,O,-0.21309221
0,for_solvent_tsne,CCF,O,-2.5526536
0,for_solvent_tsne,CC(C)CCCC(C)C,O,-0.39803487
0,for_solvent_tsne,CCCCCCC(C)CC,O,-0.3866458
0,for_solvent_tsne,C=C(C)C(=O)OCCOC(=O)CC(C)=O,O,-3.160233
0,for_solvent_tsne,Clc1cccc2ccccc12,O,-1.2302123
0,for_solvent_tsne,CCCCCCCCCC(CC)CC,O,-0.28844374
0,for_solvent_tsne,O=CC=O,O,-3.5209472
0,for_solvent_tsne,CCCOC(C)=O,O,-3.890691
0,for_solvent_tsne,Nc1cccc(Cl)c1,O,-5.980916
0,for_solvent_tsne,FC(F)(Cl)Br,O,-1.5418829
0,for_solvent_tsne,C=C(C)C=O,O,-4.073295
0,for_solvent_tsne,CC(C)CN,O,-5.7912774
0,for_solvent_tsne,NCCCN1CCN(CCCN)CC1,O,-3.1888113
0,for_solvent_tsne,Cc1sc2ccccc2c1C,O,-1.1356553
0,for_solvent_tsne,CCCCCCCC/C=C/CCCCCCCC(=O)OCC,O,-2.6332414
0,for_solvent_tsne,CCCCCCCCCCC(Br)CBr,O,-0.58184075
0,for_solvent_tsne,CCc1ccc(CC)cc1,O,-1.0691468
0,for_solvent_tsne,C/C=C(\C)CC,O,-1.2704782
0,for_solvent_tsne,CC1CCC(=O)O1,O,-4.341103
0,for_solvent_tsne,CCN(O)CC,O,-4.711003
0,for_solvent_tsne,CCCOCCOCCO,O,-4.3727417
0,for_solvent_tsne,CCCCCCCCCCCOC(=O)c1ccccc1C(=O)OCCCCCCC,O,-2.7574184
0,for_solvent_tsne,Cc1ccncc1,O,-5.13098
0,for_solvent_tsne,CCOC(C)OCC,O,-3.6354911
0,for_solvent_tsne,COC(=O)OC,O,-4.107529
0,for_solvent_tsne,Fc1c(F)c(F)c(F)c(F)c1F,O,-1.6439397
0,for_solvent_tsne,CCCCCCCC/C=C/CCCCCCCC(=O)O,O,-3.0112143
0,for_solvent_tsne,CC=O,O,-4.459403
0,for_solvent_tsne,CCC(C)C,O,-0.49788344
0,for_solvent_tsne,C/C=C1\CC2C=CC1C2,O,-1.1455538
0,for_solvent_tsne,CCCC[NH+](C)C,O,-3.2303975
0,for_solvent_tsne,FS(F)(F)(F)(F)F,O,-1.2490227
0,for_solvent_tsne,CCNc1ccccc1,O,-3.0537066
0,for_solvent_tsne,CCCCCCCCCC(=O)OC,O,-3.864744
0,for_solvent_tsne,C1=C\CC/C=C/CC/C=C/CC/1,O,-0.9111042
0,for_solvent_tsne,COC(=O)CCS,O,-4.329115
0,for_solvent_tsne,CCC(C)OC=O,O,-3.872198
0,for_solvent_tsne,O=S(Cl)Cl,O,-1.5541414
0,for_solvent_tsne,FC(F)(F)C(F)(F)C(F)(F)C(F)(F)C(F)(F)C(F)(F)C(F)(F)C(F)(F)C(F)(F)F,O,0.21074562
0,for_solvent_tsne,CCCCCCCCCCOC=O,O,-4.345699
0,for_solvent_tsne,C=CC(=C)C,O,-2.029974
0,for_solvent_tsne,O=Cc1ccccc1O,O,-5.760349
0,for_solvent_tsne,CCCSSCC,O,-2.0091822
0,for_solvent_tsne,CC(F)F,O,-2.8476498
0,for_solvent_tsne,CCCCCC(C)=O,O,-3.397814
0,for_solvent_tsne,C(=C\c1ccccc1)\c1ccccc1,O,-1.1908545
0,for_solvent_tsne,CCc1ccc(C)c(C)c1C,O,-0.949529
0,for_solvent_tsne,COC(=O)C(C)(C)OC,O,-5.4828486
0,for_solvent_tsne,CC(C#N)CCC#N,O,-4.0665812
0,for_solvent_tsne,CC=CCOCCO,O,-4.576459
0,for_solvent_tsne,OCCN(CCO)CCO,O,-5.0997014
0,for_solvent_tsne,CCCCCCCN,O,-5.3429537
0,for_solvent_tsne,C=COC(=O)CC,O,-3.827892
0,for_solvent_tsne,C=Cc1ccc(C(=C)C)cc1,O,-1.2294506
0,for_solvent_tsne,CC(C)CC(=O)O,O,-4.681259
0,for_solvent_tsne,CN(C)c1ccccc1,O,-1.8166113
0,for_solvent_tsne,C=CCCCCCCCCCCCCCCC,O,-0.57887185
0,for_solvent_tsne,CC(C)C,O,-0.5451615
0,for_solvent_tsne,C=Cc1cccc(C)c1,O,-1.3103324
0,for_solvent_tsne,FC(F)(F)c1ccc(Cl)cc1Cl,O,-1.1118964
0,for_solvent_tsne,CCCOCC(C)O,O,-4.3456473
0,for_solvent_tsne,C[C@@H]1CCC[C@H]1C,O,-0.5157844
0,for_solvent_tsne,CCCCI,O,-1.4766592
0,for_solvent_tsne,FC(F)OC(F)(F)F,O,-2.411701
0,for_solvent_tsne,C=C=CCCC,O,-1.7307597
0,for_solvent_tsne,CCC(C)(C)[NH3+],O,-3.769956
0,for_solvent_tsne,C/C=C/c1ccc(OC)cc1,O,-2.2774231
0,for_solvent_tsne,C=CCCC,O,-1.2252469
0,for_solvent_tsne,CCSCCO,O,-4.4203367
0,for_solvent_tsne,C1CCCC1,O,-0.5261905
0,for_solvent_tsne,CC1=CC(=O)OC1=O,O,-4.047356
0,for_solvent_tsne,CCCCC(CC)COC(=O)c1ccccc1,O,-3.277264
0,for_solvent_tsne,CCCCCCCCCCC(C)C,O,-0.3039907
0,for_solvent_tsne,CCCCCCCCCCCCCC,O,-0.28802395
0,for_solvent_tsne,F/C(=C(/F)C(F)(F)F)C(F)(F)F,O,-0.78346306
0,for_solvent_tsne,CC=C(C)C,O,-1.3127859
0,for_solvent_tsne,CCCN,O,-6.105048
0,for_solvent_tsne,CCCCCC,O,-0.50641537
0,for_solvent_tsne,C=CCNCC=C,O,-3.6751292
0,for_solvent_tsne,C=CCC1=CCCCC1,O,-1.6229192
0,for_solvent_tsne,CCCC(C)(C)C(=O)O,O,-4.523154
0,for_solvent_tsne,CCCCCCCCC(C)CC,O,-0.33691704
0,for_solvent_tsne,C[C@H]1CCCC[C@H]1O,O,-4.310993
0,for_solvent_tsne,CC1CCCC1,O,-0.53184986
0,for_solvent_tsne,CC(C)CC(=O)CC(C)C,O,-3.560216
0,for_solvent_tsne,Nc1ccccc1Cl,O,-5.377939
0,for_solvent_tsne,CCc1cc(C)cc(C)c1,O,-1.0623354
0,for_solvent_tsne,CCCC(C)(C)CC,O,-0.38005126
0,for_solvent_tsne,CCCCCCOC(C)=O,O,-3.3265238
0,for_solvent_tsne,CCCCCCCCCCc1cccc2ccccc12,O,-1.0218325
0,for_solvent_tsne,CC(Br)Br,O,-1.7298834
0,for_solvent_tsne,CC/C=C/CC,O,-1.1198633
0,for_solvent_tsne,CCCCCC(C)CO,O,-3.905076
0,for_solvent_tsne,COCOC,O,-3.7683916
0,for_solvent_tsne,C=CCCCCCCCCCCCCCCCC,O,-0.5553325
0,for_solvent_tsne,C/C=C\CCCCCCC,O,-0.6825315
0,for_solvent_tsne,C1CN1,O,-5.450869
0,for_solvent_tsne,CC1=CC[C@H](C(C)C)C=C1,O,-0.9353876
0,for_solvent_tsne,C=COCCCC,O,-2.9403644
0,for_solvent_tsne,CC1=CC2CCC1C2,O,-1.3388972
0,for_solvent_tsne,CCC(C)CCO,O,-4.6954765
0,for_solvent_tsne,C#CCCCC,O,-1.721769
0,for_solvent_tsne,CCCC[N+](=O)[O-],O,-3.9621022
0,for_solvent_tsne,C#CC=C,O,-1.8666366
0,for_solvent_tsne,CC(C)CCl,O,-1.8512617
0,for_solvent_tsne,FC(F)C(F)F,O,-1.8764641
0,for_solvent_tsne,COCCl,O,-3.453392
0,for_solvent_tsne,CC(COC(C)(C)C)OCC(C)OC(C)(C)C,O,-3.7857587
0,for_solvent_tsne,CCCOCC(C)OCC(C)O,O,-3.175752
0,for_solvent_tsne,CCCNCCC,O,-4.489868
0,for_solvent_tsne,CCCCC/C=C\C/C=C\CCCCCCCC(=O)OC,O,-2.7757366
0,for_solvent_tsne,Cc1c(N=C=O)cccc1N=C=O,O,-3.0738235
0,for_solvent_tsne,O=C(Cl)c1ccccc1,O,-3.7516725
0,for_solvent_tsne,CC(=O)OCC(C)C,O,-3.7955549
0,for_solvent_tsne,CC1CCC(C(C)(C)OO)CC1,O,-5.1506677
0,for_solvent_tsne,C1CCC(C2CCCCC2)CC1,O,-0.27145207
0,for_solvent_tsne,CCCCCCC=O,O,-3.3349588
0,for_solvent_tsne,FC(F)=C(F)OC(F)(F)C(F)(F)F,O,-1.8159736
0,for_solvent_tsne,CC1CCC(O)CC1,O,-4.1163745
0,for_solvent_tsne,C=C(C)C(C)CCC,O,-0.8971112
0,for_solvent_tsne,CCC(Cl)CCl,O,-1.7464637
0,for_solvent_tsne,Cc1cccc(N)c1,O,-5.632294
0,for_solvent_tsne,C1=CCC=CC1,O,-1.532592
0,for_solvent_tsne,FCC(F)(F)F,O,-1.5484279
0,for_solvent_tsne,FCF,O,-3.034374
0,for_solvent_tsne,CCCN(CCC)CCC,O,-2.1933022
0,for_solvent_tsne,C=C(C)c1ccccc1,O,-1.4037045
0,for_solvent_tsne,CCCCCCCCCOC=O,O,-4.441047
0,for_solvent_tsne,CCOCC(C)OCC(C)OCC(C)O,O,-4.0996456
0,for_solvent_tsne,CCCCC(C)CC(C)C,O,-0.3772242
0,for_solvent_tsne,CCCCCCCC(C)=O,O,-3.3707836
0,for_solvent_tsne,CCCCCCCCCOCCCCCCCCC,O,-1.9250872
0,for_solvent_tsne,CCCl,O,-2.4876297
0,for_solvent_tsne,CCCCOCCOCCOCCOCCO,O,-4.280526
0,for_solvent_tsne,CC(O)COC(C)COC(C)COC(C)COC(C)CO,O,-2.0015373
0,for_solvent_tsne,CCCCCC(C)C,O,-0.4239502
0,for_solvent_tsne,CCCCCCCOC(C)=O,O,-3.1984246
0,for_solvent_tsne,COC(=O)Cl,O,-4.3938403
0,for_solvent_tsne,CC1(C)CCCCC1,O,-0.44123262
0,for_solvent_tsne,C=C(Cl)CCl,O,-1.6896569
0,for_solvent_tsne,COCC(C)=O,O,-4.199498
0,for_solvent_tsne,O=C(OCc1ccccc1)c1ccccc1,O,-3.2862952
0,for_solvent_tsne,c1cnoc1,O,-4.349035
0,for_solvent_tsne,O=C(O)C(F)(F)F,O,-7.2418866
0,for_solvent_tsne,CCCCCNCCCCC,O,-3.4732916
0,for_solvent_tsne,CCCCOS(=O)(=O)OCCCC,O,-4.500845
0,for_solvent_tsne,CCC(=O)CC,O,-3.8073323
0,for_solvent_tsne,CC(C)C(C)O,O,-4.939449
0,for_solvent_tsne,CCCCC(C)(C)C,O,-0.3877117
0,for_solvent_tsne,CCCCCCCCc1ccccc1,O,-1.0766469
0,for_solvent_tsne,CCOc1ccccc1,O,-2.4011285
0,for_solvent_tsne,CCOC(=O)/C=C\C(=O)OCC,O,-3.3372095
0,for_solvent_tsne,CCCCCCCOC=O,O,-4.2152324
0,for_solvent_tsne,C=CC(C)CCC,O,-1.0087613
0,for_solvent_tsne,Cc1ccc(C)s1,O,-1.4022868
0,for_solvent_tsne,O=C=NCCCCCCN=C=O,O,-3.17195
0,for_solvent_tsne,COC(=O)CC(=O)OC,O,-4.1030936
0,for_solvent_tsne,CCCCC(CC)C(=O)O,O,-4.265537
0,for_solvent_tsne,COC(=O)CCC(=O)OC,O,-4.066513
0,for_solvent_tsne,CC(O)COC(C)COC(C)COC(C)CO,O,-2.3608074
0,for_solvent_tsne,C1CC1,O,-2.7303169
0,for_solvent_tsne,CC1CCS(=O)(=O)C1,O,-5.0090413
0,for_solvent_tsne,CCCCC(C)C(C)C,O,-0.4060344
0,for_solvent_tsne,CCCCCC1CCCCC1,O,-0.33282346
0,for_solvent_tsne,C=CCCCCCCCCCCCCCC,O,-0.59446
0,for_solvent_tsne,c1ccc2c(c1)CCS2,O,-1.3451372
0,for_solvent_tsne,CCCCCCCCCCCCO,O,-3.863107
0,for_solvent_tsne,ClC=C(Cl)Cl,O,-1.2563765
0,for_solvent_tsne,CCC[N+](=O)[O-],O,-3.6271546
0,for_solvent_tsne,Cc1ccc(C)cc1,O,-1.3899182
0,for_solvent_tsne,C=CC(C)CC,O,-1.3720797
0,for_solvent_tsne,CC(O)COC(C)C,O,-4.3931284
0,for_solvent_tsne,C=CC(=O)OC(C)C,O,-3.8068016
0,for_solvent_tsne,CCCCCCOC=O,O,-3.8674963
0,for_solvent_tsne,OOCCCCc1ccccc1,O,-4.700044
0,for_solvent_tsne,ClB(Cl)Cl,O,-0.9941474
0,for_solvent_tsne,Nc1ccccc1,O,-4.9391623
0,for_solvent_tsne,O=C1CCCCC1,O,-4.2324224
0,for_solvent_tsne,CCCCCCCCCCC(C)CO,O,-3.4779973
0,for_solvent_tsne,C[C@@H]1CCC[C@H](O)C1,O,-4.239576
0,for_solvent_tsne,CCOC,O,-3.9626687
0,for_solvent_tsne,C[C@H]1CCC[C@H](C)C1,O,-0.43869424
0,for_solvent_tsne,Cc1cccc2cccnc12,O,-4.1586375
0,for_solvent_tsne,CC(=O)OC(C)(C)C,O,-4.60039
0,for_solvent_tsne,C=CC(=O)OCC(C)O,O,-3.951411
0,for_solvent_tsne,CCI,O,-1.9925389
0,for_solvent_tsne,ClCCCCCCl,O,-1.4079089
0,for_solvent_tsne,Cl/C=C/Cl,O,-2.1156504
0,for_solvent_tsne,CCCCCCOC(=O)CCCCC(=O)OCCCCCC,O,-3.1041462
0,for_solvent_tsne,CCCCCCCC(C)O,O,-3.634488
0,for_solvent_tsne,CCCCCCCCCCCCCCCc1ccccc1,O,-0.6492618
0,for_solvent_tsne,CC(O)CN,O,-5.767715
0,for_solvent_tsne,C/C=C/CCCCCCCCC,O,-0.56104124
0,for_solvent_tsne,COCCOCCOCCOC,O,-4.513485
0,for_solvent_tsne,CN(CCO)CCO,O,-4.899287
0,for_solvent_tsne,C#CCC,O,-1.7390138
0,for_solvent_tsne,CCCCOC(=O)c1ccccc1C(=O)OCCCC,O,-2.7380483
0,for_solvent_tsne,CC(C)C(=O)C(C)C,O,-5.048587
0,for_solvent_tsne,CCCCCCCCOC=O,O,-4.452263
0,for_solvent_tsne,CC1[C@H](C)CC[C@H]1C,O,-0.43596143
0,for_solvent_tsne,C=Cc1ccc(CC)cc1,O,-1.1619219
0,for_solvent_tsne,CN(C)CCCN,O,-5.6470065
0,for_solvent_tsne,CCCCCCCCCCCCCC(=O)OC,O,-3.2309163
0,for_solvent_tsne,FC=CC(F)(F)F,O,-1.6466078
0,for_solvent_tsne,CCCOC(=O)c1ccccc1,O,-2.9684737
0,for_solvent_tsne,O=[N+]([O-])OCCO[N+](=O)[O-],O,-3.534712
0,for_solvent_tsne,C=C=O,O,-4.380712
0,for_solvent_tsne,O=C(O)C(Cl)Cl,O,-7.318367
0,for_solvent_tsne,O=C1CCO1,O,-4.372456
0,for_solvent_tsne,OCCSCCO,O,-4.9784923
0,for_solvent_tsne,CC1=CCC2CC1C2(C)C,O,-0.8250102
0,for_solvent_tsne,CCCCOC=O,O,-3.7290676
0,for_solvent_tsne,CCCCCCCCSCC,O,-0.2864778
0,for_solvent_tsne,Cc1cccc(C=O)c1,O,-3.7306297
0,for_solvent_tsne,CCCCCCCC(=O)O,O,-4.2668176
0,for_solvent_tsne,FC(F)(Cl)C(F)(F)C(F)(F)Cl,O,-0.25540203
0,for_solvent_tsne,C=CCSCC=C,O,-1.5659758
0,for_solvent_tsne,Oc1ccccc1Cl,O,-5.4566116
0,for_solvent_tsne,CCCCOC,O,-3.504394
0,for_solvent_tsne,CCCCCCCC(=O)OC,O,-3.6676877
0,for_solvent_tsne,CCCCCCCCCOC(=O)c1ccccc1C(=O)OCCCCCCCCC,O,-2.757418
0,for_solvent_tsne,c1ccc(Oc2ccccc2)cc1,O,-1.8951457
0,for_solvent_tsne,CCCCCC(=O)O,O,-4.813245
0,for_solvent_tsne,O=CC1CC=CCC1,O,-4.5057592
0,for_solvent_tsne,FCC(F)(F)C(F)F,O,-1.5930332
0,for_solvent_tsne,CCNC(C)=O,O,-5.2301135
0,for_solvent_tsne,C=C(C)C(=O)OCCC,O,-3.636317
0,for_solvent_tsne,FC(F)(F)C(F)(F)C(F)(F)C(F)(F)C(F)(F)C(F)(F)F,O,-0.102783486
0,for_solvent_tsne,CCc1cccc(CC)c1N,O,-4.866364
0,for_solvent_tsne,CCOC(=O)C(C)O,O,-4.781804
0,for_solvent_tsne,CCCCCCC,O,-0.48362696
0,for_solvent_tsne,C/C=C/CCC,O,-1.1187533
0,for_solvent_tsne,CCc1ccccc1C(C)C,O,-0.9696624
0,for_solvent_tsne,C#N,O,-4.4564805
0,for_solvent_tsne,CCCCCCc1cccc2ccccc12,O,-1.0918316
0,for_solvent_tsne,CCOC(=O)OCC,O,-4.029519
0,for_solvent_tsne,C/C=C/C,O,-1.1827852
0,for_solvent_tsne,COB(OC)OC,O,-3.994761
0,for_solvent_tsne,c1ccc(C2CCCCC2)cc1,O,-0.90259546
0,for_solvent_tsne,C=CC(=O)OCC,O,-3.8254018
0,for_solvent_tsne,C=CC(C)(C)C,O,-1.2483879
0,for_solvent_tsne,N#Cc1ccccc1,O,-3.4002814
0,for_solvent_tsne,O=C(C(F)(F)F)C(F)(F)F,O,-1.7972348
0,for_solvent_tsne,CCCCCCCCBr,O,-1.1691331
0,for_solvent_tsne,C=CC(C)C,O,-1.4665718
0,for_solvent_tsne,CCCCOC(C)C,O,-3.0250878
0,for_solvent_tsne,O=CCCCC=O,O,-4.149508
0,for_solvent_tsne,C=CCO,O,-4.961056
0,for_solvent_tsne,CC(C)COC(C)C,O,-3.278362
0,for_solvent_tsne,COC(=O)C(C)O,O,-4.4874597
0,for_solvent_tsne,CC1CCCC(C)(C)C1,O,-0.43487626
0,for_solvent_tsne,Cc1ccc(C(C)O)cc1,O,-5.1016808
0,for_solvent_tsne,COc1ccccc1,O,-2.5613697
0,for_solvent_tsne,CCOC(=O)CCl,O,-3.6187
0,for_solvent_tsne,NC1CCCCC1,O,-5.5730987
0,for_solvent_tsne,CCCOC(=O)C(C)C,O,-3.7875128
0,for_solvent_tsne,C[N+](=O)[O-],O,-3.7104797
0,for_solvent_tsne,FCCF,O,-2.415493
0,for_solvent_tsne,C=CC(=O)OCCOC(=O)C=C,O,-3.2877297
0,for_solvent_tsne,Cc1cc2ccccc2o1,O,-4.536781
0,for_solvent_tsne,CCCCCCCCCCC1CCCCC1,O,-0.30382907
0,for_solvent_tsne,CCC/C=C/CCC,O,-0.7762253
0,for_solvent_tsne,CCCCCCCCCC(C)C(C)C,O,-0.28675437
0,for_solvent_tsne,C=CCOC(=O)/C=C\C(=O)OCC=C,O,-3.6037045
0,for_solvent_tsne,C=C(C)C,O,-1.5428419
0,for_solvent_tsne,CC(O)CCO,O,-5.4290323
0,for_solvent_tsne,Cc1cccc(C)n1,O,-4.954655
0,for_solvent_tsne,CN(C)C,O,-3.1358297
0,for_solvent_tsne,CCOC(=O)CC(C)C,O,-3.5483947
0,for_solvent_tsne,OC1CCCC1,O,-4.633402
0,for_solvent_tsne,CCCCC(CC)CO,O,-4.3556585
0,for_solvent_tsne,CC1C=CCC1,O,-0.60254425
0,for_solvent_tsne,C=CC(=O)OCCC,O,-3.6442292
0,for_solvent_tsne,C/C=C/CCCCC,O,-0.77603567
0,for_solvent_tsne,CCC(O)OCC(C)OC(O)CC,O,-2.9722733
0,for_solvent_tsne,ClCl,O,-1.7085949
0,for_solvent_tsne,Sc1ccccc1,O,-1.7168149
0,for_solvent_tsne,CCCCC(C=O)CC,O,-4.2224884
0,for_solvent_tsne,CC1CCC(C)(C)C1,O,-0.53725356
0,for_solvent_tsne,CC#N,O,-4.4429393
0,for_solvent_tsne,CCC(C)C(C)C,O,-0.44658434
0,for_solvent_tsne,CC(C)(C)Cl,O,-2.2054873
0,for_solvent_tsne,c1ccc(Cc2ccccc2)cc1,O,-1.2279607
0,for_solvent_tsne,FC(F)C(F)C(F)(F)F,O,-1.8514031
0,for_solvent_tsne,O=C=O,O,-3.3773913
0,for_solvent_tsne,CC(OC=O)c1ccccc1,O,-3.1140254
0,for_solvent_tsne,CCC(O)CC,O,-4.947147
0,for_solvent_tsne,Cc1cccc(OC(C)C)c1,O,-2.406652
0,for_solvent_tsne,c1ccnnc1,O,-4.448344
0,for_solvent_tsne,[Br-],O,-2.6141841
0,for_solvent_tsne,OCC1CCCO1,O,-5.0442605
0,for_solvent_tsne,CCCCCOCCOCCO,O,-4.262763
0,for_solvent_tsne,FC(F)(F)C(F)(F)Cl,O,-0.38179493
0,for_solvent_tsne,CCCCCCCCCCCCCCCC(=O)OCC,O,-2.8729799
0,for_solvent_tsne,BrCBr,O,-2.085332
0,for_solvent_tsne,C=C(C)[C@H]1CC=C(C)CC1,O,-1.1375561
0,for_solvent_tsne,CC1CCCc2ccccc21,O,-0.9602
0,for_solvent_tsne,CCCCCCCCCCCCCCCC,O,-0.3485046
0,for_solvent_tsne,CCC1(CC)CCCCC1,O,-0.3728388
0,for_solvent_tsne,c1cncnc1,O,-4.4472785
0,for_solvent_tsne,CCCCCC(C)C(C)C,O,-0.3846454
0,for_solvent_tsne,CCC(C)C=O,O,-3.8731606
0,for_solvent_tsne,C1CO1,O,-4.049456
0,for_solvent_tsne,CCCCCCCCCCCCCCCCC,O,-0.37236923
0,for_solvent_tsne,CCOC=O,O,-4.1638203
0,for_solvent_tsne,C=C(CC)c1ccccc1,O,-1.2339281
0,for_solvent_tsne,C=C=C,O,-2.923748
0,for_solvent_tsne,CCC(C)(C)C,O,-0.481591
0,for_solvent_tsne,CCNCC,O,-5.0732293
0,for_solvent_tsne,CC(=O)C(C)(C)C,O,-4.796723
0,for_solvent_tsne,O=CN1CCOCC1,O,-5.154471
0,for_solvent_tsne,C/C=C\CCCCCC,O,-0.7262673
0,for_solvent_tsne,C=CCC=C,O,-2.0397089
0,for_solvent_tsne,CC(O)C#N,O,-6.2006216
0,for_solvent_tsne,NN,O,-5.2874603
0,for_solvent_tsne,C=CC(C)OCCO,O,-4.639315
0,for_solvent_tsne,C=CC1CC=CCC1,O,-1.5714154
0,for_solvent_tsne,CC(C)C#N,O,-4.571562
0,for_solvent_tsne,C=CCOC(C)=O,O,-3.8984444
0,for_solvent_tsne,NCCNCCN,O,-6.5554657
0,for_solvent_tsne,C=CCCCCC(C)C,O,-0.73494124
0,for_solvent_tsne,FC(F)C(F)(Cl)Cl,O,-1.5252924
0,for_solvent_tsne,C1=C\CC/C=C\CC/1,O,-1.5719995
0,for_solvent_tsne,CCCCc1ccccc1,O,-1.1146516
0,for_solvent_tsne,O=C(Cl)Cl,O,-1.52725
0,for_solvent_tsne,CC1=CC(=O)CC(C)(C)C1,O,-3.98035
0,for_solvent_tsne,C1=CCCC=C1,O,-1.5178535
0,for_solvent_tsne,COS(=O)(=O)OC,O,-3.4342587
0,for_solvent_tsne,c1ccc2ncccc2c1,O,-4.942299
0,for_solvent_tsne,FC(F)(F)Cl,O,-1.3235767
0,for_solvent_tsne,CCCCCCCCCCc1ccccc1,O,-1.0341815
0,for_solvent_tsne,C=C(C)C(=O)OCC,O,-3.7139843
0,for_solvent_tsne,Clc1ccccc1,O,-1.5449266
0,for_solvent_tsne,CC(C=O)CO,O,-4.8181844
0,for_solvent_tsne,COC(C)CO,O,-4.9181957
0,for_solvent_tsne,CCCCCCCCC,O,-0.42276627
0,for_solvent_tsne,COC(F)(F)C(F)(F)F,O,-1.6435778
0,for_solvent_tsne,CCCCC(CC)C(=O)OCCOCCOCCOC(=O)C(CC)CCCC,O,-2.7887375
0,for_solvent_tsne,CC(C)Cl,O,-2.1316187
0,for_solvent_tsne,CS(=O)(=O)Cl,O,-5.054307
0,for_solvent_tsne,CC(C)(C)OO,O,-4.1632547
0,for_solvent_tsne,NC1CC1,O,-5.6667333
0,for_solvent_tsne,NCCNCCNCCNCCNCCN,O,-5.0514946
0,for_solvent_tsne,CC(=O)C(C)=O,O,-4.334797
0,for_solvent_tsne,ClCC(Cl)(Cl)Cl,O,-1.1370356
0,for_solvent_tsne,CCCCNCCCC,O,-3.920656
0,for_solvent_tsne,CSC(C)C,O,-1.2403173
0,for_solvent_tsne,CN(C)N=O,O,-4.2256684
0,for_solvent_tsne,C#CCCCCC,O,-1.5233741
0,for_solvent_tsne,NCCCCCN,O,-5.5885234
0,for_solvent_tsne,CC(C)(C)SSC(C)(C)C,O,-0.452851
0,for_solvent_tsne,C1COC1,O,-4.712265
0,for_solvent_tsne,CCCCC(CC)CCO,O,-4.0635467
0,for_solvent_tsne,CNC=O,O,-5.375118
0,for_solvent_tsne,CCCCCCCCCCCCS,O,-0.88953495
0,for_solvent_tsne,CCCCS,O,-2.0439785
0,for_solvent_tsne,FC(F)(F)C(Cl)Cl,O,-1.5342985
0,for_solvent_tsne,CCCCCCC(C)(C)S,O,-0.63101685
0,for_solvent_tsne,CC/C=C(\C)C=O,O,-3.686115
0,for_solvent_tsne,Cc1cc(C)c(C)s1,O,-1.211272
0,for_solvent_tsne,O=S(=O)(Cl)Cl,O,-3.8367028
0,for_solvent_tsne,COc1ccccc1[N+](=O)[O-],O,-3.0797744
0,for_solvent_tsne,C=CCCCC,O,-1.0356923
0,for_solvent_tsne,C1COCCO1,O,-4.3533497
0,for_solvent_tsne,CC(=O)c1ccccc1O,O,-4.5793624
0,for_solvent_tsne,CCCCOB(OCCCC)OCCCC,O,-3.8137743
0,for_solvent_tsne,CC/C=C/CCC,O,-0.9316409
0,for_solvent_tsne,CCCCCCC(C)C(=O)O,O,-3.7000778
0,for_solvent_tsne,CC(C)(C)O,O,-5.4953156
0,for_solvent_tsne,CC1=CCC(C(C)C)=CC1,O,-0.8996583
0,for_solvent_tsne,CCc1cccs1,O,-1.3300792
0,for_solvent_tsne,FC(F)(F)c1ccccc1,O,-1.2337297
0,for_solvent_tsne,CC(C)(C)SC(C)(C)C,O,-0.32263887
0,for_solvent_tsne,CCc1csc2ccccc12,O,-1.167404
0,for_solvent_tsne,CC1CN1,O,-4.9744425
0,for_solvent_tsne,N#CCCCC#N,O,-4.283693
0,for_solvent_tsne,CCC1CO1,O,-3.704779
0,for_solvent_tsne,CCCCCCCCC(=O)O,O,-4.06184
0,for_solvent_tsne,N#CCN,O,-5.9084096
0,for_solvent_tsne,FC(F)(F)C(F)(F)C(F)(F)C(F)(F)C(F)(F)C(F)(F)C(F)(F)F,O,-0.0106913
0,for_solvent_tsne,CCCC(=O)OC(=O)CCC,O,-3.1840463
0,for_solvent_tsne,CCC1=CCCCC1,O,-0.5889581
0,for_solvent_tsne,C=CF,O,-2.679973
0,for_solvent_tsne,CCCCCCCCS,O,-1.2935202
0,for_solvent_tsne,CC/C=C/C/C=C/C/C=C/CCCCCCCC(=O)OCC,O,-2.6341374
0,for_solvent_tsne,CCCCOC(=O)CCCC,O,-3.4603825
0,for_solvent_tsne,ClN(Cl)Cl,O,-1.1868266
0,for_solvent_tsne,ClC(Cl)=C(Cl)Cl,O,-1.0827365
0,for_solvent_tsne,C=C(C)Cl,O,-1.827008
0,for_solvent_tsne,Cc1ccc(C=O)cc1,O,-3.7364914
0,for_solvent_tsne,O=NCl,O,-4.765086
0,for_solvent_tsne,C=CC(=O)OCC(CC)CCCC,O,-4.2531223
0,for_solvent_tsne,C=COC=C,O,-3.4491234
0,for_solvent_tsne,CC(C)c1ccccc1,O,-1.324312
0,for_solvent_tsne,CCCCCCCl,O,-1.3788333
0,for_solvent_tsne,CCc1ccccc1,O,-1.4406818
0,for_solvent_tsne,CCCCCCCC(CO)CCCC,O,-3.6669276
0,for_solvent_tsne,C=C(C)C(C)(C)C,O,-1.040486
0,for_solvent_tsne,CCc1ccc(C)cc1,O,-1.234947
0,for_solvent_tsne,COCCOCCOCCOCCOCCOC,O,-4.5281053
0,for_solvent_tsne,CCCCCCO,O,-4.5474334
0,for_solvent_tsne,CCCc1cccc(C)c1C,O,-0.93612295
0,for_solvent_tsne,CCCCOC(C)=O,O,-3.722946
0,for_solvent_tsne,ClC=CCl,O,-2.1156504
0,for_solvent_tsne,C=C(C)CCCC,O,-0.9277432
0,for_solvent_tsne,CC(O)C(C)O,O,-5.509416
0,for_solvent_tsne,COCC(C)O,O,-5.156768
0,for_solvent_tsne,CCC(CC)C(C)C,O,-0.42712194
0,for_solvent_tsne,CCN(CC)CCO,O,-4.6371474
0,for_solvent_tsne,CC1OCCO1,O,-4.388201
0,for_solvent_tsne,CCCC(=O)CC,O,-3.579367
0,for_solvent_tsne,OCCCO,O,-5.405026
0,for_solvent_tsne,O=C(Cl)CCl,O,-2.981599
0,for_solvent_tsne,C=C(C)CCC(=C)C,O,-1.3770559
0,for_solvent_tsne,Cc1cccc(C)c1C,O,-1.2578859
0,for_solvent_tsne,COCCC#N,O,-4.2354875
0,for_solvent_tsne,ClCC(Cl)Cl,O,-1.7066138
0,for_solvent_tsne,CCCCOC(=O)CCC,O,-3.456251
0,for_solvent_tsne,O=C(O)CCS,O,-5.1837044
0,for_solvent_tsne,CC(COC(C)(C)C)OCCCO,O,-4.963511
0,for_solvent_tsne,O=S(=O)(O)O,O,-4.061935
0,for_solvent_tsne,c1ccoc1,O,-4.8961315
0,for_solvent_tsne,CCCCC(C)=O,O,-3.5886493
0,for_solvent_tsne,Fc1ccccc1,O,-1.7145948
0,for_solvent_tsne,CCCCC(C)CC,O,-0.4240176
0,for_solvent_tsne,CC(O)C(O)CO,O,-7.3234916
0,for_solvent_tsne,COC(F)(F)C(F)(F)C(F)(F)F,O,-1.5784838
0,for_solvent_tsne,COC(=O)C(C)C,O,-4.1463842
0,for_solvent_tsne,CCCC(=O)CCC,O,-3.3755858
0,for_solvent_tsne,O=[N+]([O-])c1cccc(C(F)(F)F)c1,O,-3.4223576
0,for_solvent_tsne,CCc1cc(CC)c(CC)c(CC)c1CC,O,-0.6957638
0,for_solvent_tsne,CC(C)CCOC(=O)CC(C)C,O,-3.1578815
0,for_solvent_tsne,CCCCCCCCSCCCCCCCC,O,-0.5606508
0,for_solvent_tsne,CCCCCCCCF,O,-1.6988548
0,for_solvent_tsne,CC(C)CCCCCCCO,O,-3.4641635
0,for_solvent_tsne,CCCCCC#N,O,-3.6284142
0,for_solvent_tsne,CC(C)COC=O,O,-3.92625
0,for_solvent_tsne,CC(C)C(C)(C)C,O,-0.46063155
0,for_solvent_tsne,C=C=CC,O,-1.7543322
0,for_solvent_tsne,CCCCCCCC=O,O,-3.3381395
0,for_solvent_tsne,Clc1ccc(Cl)c(Cl)c1,O,-1.0256109
0,for_solvent_tsne,CCCCOC(=O)CCCCCCCCC(=O)OCCCC,O,-3.1034896
0,for_solvent_tsne,C=CC[C@H](C)CCC,O,-0.8127965
0,for_solvent_tsne,CCCCCC(C)(C)C,O,-0.35991108
0,for_solvent_tsne,C=CCCC(C)=O,O,-3.596151
0,for_solvent_tsne,CCC(C)CC,O,-0.47562945
0,for_solvent_tsne,C=C1CC(=O)O1,O,-4.317126
0,for_solvent_tsne,CC(Cl)CCl,O,-1.7820714
0,for_solvent_tsne,CC1(C)CO1,O,-3.8587675
0,for_solvent_tsne,NCCNCCO,O,-6.225891
0,for_solvent_tsne,CC(C)CC(C)O,O,-4.75052
0,for_solvent_tsne,CCCCCSC,O,-1.6579387
0,for_solvent_tsne,C=CCCCCCCC=C,O,-1.188871
0,for_solvent_tsne,CCCCCCCC(=O)OCC(COC(=O)CCCCCCC)OC(=O)CCCCCCC,O,-2.3012576
0,for_solvent_tsne,ClC(Cl)Cl,O,-2.042473
0,for_solvent_tsne,CCCCCCCCN,O,-5.079874
0,for_solvent_tsne,CCCCC(C)CCCC,O,-0.38642287
0,for_solvent_tsne,CCCCCCc1ccccc1,O,-1.0933248
0,for_solvent_tsne,O=C=S,O,-4.2911596
0,for_solvent_tsne,C=CC1CC2C=CC1C2,O,-1.1783876
0,for_solvent_tsne,CSc1ccccc1,O,-1.5025959
0,for_solvent_tsne,COCC(C)OC(C)=O,O,-3.932248
0,for_solvent_tsne,ClCCOCCCl,O,-2.6429498
0,for_solvent_tsne,C1CCC1,O,-2.4396617
0,for_solvent_tsne,OCCCCCO,O,-5.006532
0,for_solvent_tsne,ClCBr,O,-2.3180685
0,for_solvent_tsne,N#CCO,O,-5.6792135
0,for_solvent_tsne,CCCOC(=O)/C=C\C(=O)OCCC,O,-3.4311159
0,for_solvent_tsne,CCCC(C)C,O,-0.47869456
0,for_solvent_tsne,CC(C)C(C)C(C)C,O,-0.43493682
0,for_solvent_tsne,CCCCC(CC)CC,O,-0.4097123
0,for_solvent_tsne,Cc1cccnc1,O,-5.13093
0,for_solvent_tsne,CC#CC,O,-2.3559425
0,for_solvent_tsne,CCCCCC(=O)CCCCC,O,-3.3533223
0,for_solvent_tsne,Cc1cc(C)cc(C)c1,O,-1.1822003
0,for_solvent_tsne,CO,O,-5.48267
0,for_solvent_tsne,C1CCC(SC2CCCCC2)CC1,O,-0.30807865
0,for_solvent_tsne,NCCOCCN,O,-6.3789434
0,for_solvent_tsne,O=CC(Cl)(Cl)Cl,O,-2.8226874
0,for_solvent_tsne,CCC(=O)O,O,-4.9969707
0,for_solvent_tsne,ClCC1CO1,O,-4.649766
0,for_solvent_tsne,C=CCCCCCCCCCC,O,-0.6029677
0,for_solvent_tsne,C=COCC,O,-3.5273736
0,for_solvent_tsne,CC(C)CCSCCC(C)C,O,-0.36241847
0,for_solvent_tsne,CCCCCCCCCCCS,O,-1.0421036
0,for_solvent_tsne,CCOCCOCCOCCO,O,-4.5527596
0,for_solvent_tsne,CCCCCCCCCCCCCC(=O)OCC,O,-3.038039
0,for_solvent_tsne,CC(F)(F)C(F)(F)F,O,-0.721465
0,for_solvent_tsne,CCCBr,O,-2.118872
0,for_solvent_tsne,CCCC(=O)OC,O,-3.7907968
0,for_solvent_tsne,CCCCOCCO,O,-4.4111476
0,for_solvent_tsne,CC(C)C=O,O,-4.6773887
0,for_solvent_tsne,CCC1CC2C=CC1C2,O,-1.1242443
0,for_solvent_tsne,CCC(C)CCCC(C)C,O,-0.37847722
0,for_solvent_tsne,CCC1CCC(CC)CC1,O,-0.38549215
0,for_solvent_tsne,COC(C)OC,O,-3.8637009
0,for_solvent_tsne,C=C(C)C(=O)OCCO,O,-3.7435493
0,for_solvent_tsne,C/C=C/C=O,O,-4.0317993
0,for_solvent_tsne,CCCc1cccc(C)c1,O,-1.0425785
0,for_solvent_tsne,CC(F)(F)CC(F)(F)F,O,-1.6345276
0,for_solvent_tsne,CCCC(C)(C)C(C)(C)C,O,-0.35982096
0,for_solvent_tsne,C=COC=O,O,-4.235566
0,for_solvent_tsne,OCC(Cl)CCl,O,-6.043989
0,for_solvent_tsne,CCc1ccc2ccccc2c1,O,-1.1731383
0,for_solvent_tsne,CC(C=O)c1ccccc1,O,-3.5659833
0,for_solvent_tsne,CCN(CC)C(C)=O,O,-5.104896
0,for_solvent_tsne,CC1CCCS1,O,-1.6975503
0,for_solvent_tsne,CCC=O,O,-4.144115
0,for_solvent_tsne,CCCCCCCCC(=O)OCCCC,O,-3.4076557
0,for_solvent_tsne,CCCCC(=O)O,O,-5.121055
0,for_solvent_tsne,CCCCCCCCCCCC,O,-0.34623986
0,for_solvent_tsne,COc1ccccc1N,O,-5.1803603
0,for_solvent_tsne,ClC(Cl)C(Cl)Cl,O,-2.0843976
0,for_solvent_tsne,C=C(C)C(C)C,O,-0.98757964
0,for_solvent_tsne,COC(=O)C(C)(C)O,O,-4.6189647
0,for_solvent_tsne,CCCC(=O)OCC,O,-3.615483
0,for_solvent_tsne,CCOCCOCCOC(C)=O,O,-3.2443404
0,for_solvent_tsne,CCCCCCCCN(CCCCCCCC)CCCCCCCC,O,-1.5907087
0,for_solvent_tsne,CCCCN,O,-5.629536
0,for_solvent_tsne,CC=C=CC,O,-2.253611
0,for_solvent_tsne,C=CCN,O,-4.7897916
0,for_solvent_tsne,CCC#N,O,-4.2069097
0,for_solvent_tsne,C/C=C/CCCCCC,O,-0.7262673
0,for_solvent_tsne,ClC(Cl)(Cl)Cl,O,-1.0494288
0,for_solvent_tsne,CC1C[C@H](C)[C@H](C)C1,O,-0.44273692
0,for_solvent_tsne,CCOC(C)(C)C,O,-3.6481993
0,for_solvent_tsne,c1ccncc1,O,-5.348275
0,for_solvent_tsne,C1=Cc2ccccc2C1,O,-1.4138432
0,for_solvent_tsne,CC(CC(C)(C)C)CC(C)(C)CC(C)(C)C,O,-0.1392413
0,for_solvent_tsne,CCOS(=O)(=O)O,O,-3.837972
0,for_solvent_tsne,FC(F)OC(F)F,O,-2.8154562
0,for_solvent_tsne,CCc1ccc(CC)c(CC)c1,O,-0.9411349
0,for_solvent_tsne,CC(C)=O,O,-4.4391227
0,for_solvent_tsne,Cc1cccc(CO)c1,O,-5.387976
0,for_solvent_tsne,CC(C)C(C)C,O,-0.4761296
0,for_solvent_tsne,C#CC(=C)C,O,-1.4993503
0,for_solvent_tsne,CCC(C)C(C)=O,O,-4.852352
0,for_solvent_tsne,CC(C)COC(=O)c1ccccc1C(=O)OCC(C)C,O,-2.8884604
0,for_solvent_tsne,CCCCCOC(C)=O,O,-3.5421896
0,for_solvent_tsne,CC1CCc2ccccc21,O,-1.0756661
0,for_solvent_tsne,[N-]=[N+]=O,O,-4.1173306
0,for_solvent_tsne,CC(=O)O,O,-6.5239544
0,for_solvent_tsne,CC(C)COC(C)(C)C,O,-3.2158997
0,for_solvent_tsne,C=CC(C)OC(C)=O,O,-3.8004296
0,for_solvent_tsne,C=CC,O,-1.4894009
0,for_solvent_tsne,C=C(C)CCC,O,-1.2061943
0,for_solvent_tsne,C=CC(=O)OCC(C)C,O,-3.636049
0,for_solvent_tsne,O=C1CCCCCO1,O,-4.6836777
0,for_solvent_tsne,FC(F)=C(F)Br,O,-1.3264822
0,for_solvent_tsne,C=CC(Cl)CCl,O,-1.7645752
0,for_solvent_tsne,C=CCOCC1CO1,O,-3.9358594
0,for_solvent_tsne,CCCCCCl,O,-1.5552034
0,for_solvent_tsne,CCCCC(=O)CC,O,-3.3897493
0,for_solvent_tsne,C/C=C/c1ccccc1,O,-1.4279284
0,for_solvent_tsne,C=C(CC)CC,O,-1.1918195
0,for_solvent_tsne,CC(O)Cc1ccccc1,O,-4.4417653
0,for_solvent_tsne,CC1CCC(CO)CC1,O,-4.1702857
0,for_solvent_tsne,CCc1cc(C)ccc1C,O,-1.0445014
0,for_solvent_tsne,CC1=CC=CC1,O,-0.8067441
0,for_solvent_tsne,C=C(CC)CCCC,O,-0.79372597
0,for_solvent_tsne,NCCN,O,-7.2103357
0,for_solvent_tsne,CCc1cccc2ccccc12,O,-1.1627861
0,for_solvent_tsne,ClC1=C(Cl)C(Cl)(Cl)C(Cl)=C1Cl,O,-1.1030829
0,for_solvent_tsne,CCCCCCCC(=O)OCC,O,-3.6027892
0,for_solvent_tsne,CC(C)CCCCC(C)C,O,-0.37773895
0,for_solvent_tsne,CCCCCCCC/C=C/CCCCCCCC(=O)OC,O,-2.7772346
0,for_solvent_tsne,CCCCCCCC/C=C\CCCCCCCCCCCC(=O)OCC,O,-2.1849897
0,for_solvent_tsne,CCCCCCCCCCCOC(=O)c1ccccc1C(=O)OCCCCCCCCC,O,-2.5073874
0,for_solvent_tsne,CCCCCCCC,O,-0.44859082
0,for_solvent_tsne,CC(=O)OC(C)=O,O,-3.6167824
0,for_solvent_tsne,O=CO,O,-5.366012
0,for_solvent_tsne,C[C@H]1CCCC[C@@H]1C,O,-0.4353463
0,for_solvent_tsne,O=CCCCO,O,-4.862552
0,for_solvent_tsne,C1CS1,O,-2.429448
0,for_solvent_tsne,Cc1ccc(O)c(C)c1,O,-5.6270585
0,for_solvent_tsne,CCCCOS(=O)(=O)O,O,-3.6651294
0,for_solvent_tsne,C[C@H]1CCCC[C@H]1C,O,-0.43534625
0,for_solvent_tsne,CC(=O)OC(C)C,O,-4.034558
0,for_solvent_tsne,C=CC(CC)CC,O,-0.9852035
0,for_solvent_tsne,CCSC(C)(C)C,O,-0.6540308
0,for_solvent_tsne,CNCCO,O,-5.0331693
0,for_solvent_tsne,C/C=C/CC,O,-1.3065976
0,for_solvent_tsne,Cc1ccc2scc(C)c2c1,O,-1.1394057
0,for_solvent_tsne,CCCCC(=O)CCC,O,-3.2121336
0,for_solvent_tsne,CCOC(=O)CC(C)=O,O,-4.0758843
0,for_solvent_tsne,CCCCC,O,-0.52342314
0,for_solvent_tsne,CC(Cl)(Cl)Cl,O,-1.6502709
0,for_solvent_tsne,Cc1cccs1,O,-1.4896137
0,for_solvent_tsne,CC1OC(C)OC(C)O1,O,-3.483042
0,for_solvent_tsne,CCCCCC(C)CCC,O,-0.38791007
0,for_solvent_tsne,CC(C)c1ccc(C(C)C)cc1,O,-0.9186685
0,for_solvent_tsne,CCCCCl,O,-1.7886443
0,for_solvent_tsne,CC(N)CN,O,-6.5671673
0,for_solvent_tsne,CC(C)(C)OCC(O)COC(C)(C)C,O,-4.8579025
0,for_solvent_tsne,O=C(Cl)c1cccc(Cl)c1,O,-4.317479
0,for_solvent_tsne,CCCCCCCCCCCCCC[C@@H](O)[C@@H](O)[C@H](CO[C@H]1O[C@H](CO)[C@H](O)[C@H](O)[C@H]1O)NC(=O)CCCCCCC,O,-2.729977
0,for_solvent_tsne,CCOCCC(=O)OCC,O,-3.5238242
0,for_solvent_tsne,O=COCc1ccccc1,O,-3.5267673
0,for_solvent_tsne,C/C=C\C(=O)O,O,-4.982959
0,for_solvent_tsne,NC1CCCC1,O,-5.414165
0,for_solvent_tsne,CCCC(=O)OCCC(C)C,O,-3.2084584
0,for_solvent_tsne,CCCCCCCCCOC(=O)c1ccccc1C(=O)OCCCCCCC,O,-2.8774674
0,for_solvent_tsne,CCC(C)(O)CC,O,-4.937285
0,for_solvent_tsne,CCC(C)OC(C)CC,O,-2.9188626
0,for_solvent_tsne,OCCOCCN1CCOCC1,O,-2.882758
0,for_solvent_tsne,CC(C)C(C)C(C)(C)C,O,-0.40964973
0,for_solvent_tsne,O=C(Cl)C(Cl)(Cl)Cl,O,-2.4793656
0,for_solvent_tsne,CC(C)(C)CC(C)(C)S,O,-0.3980679
0,for_solvent_tsne,COCCOCCOCCO,O,-4.736442
0,for_solvent_tsne,CC(O)CC(C)(C)O,O,-3.6607573
0,for_solvent_tsne,CCCCCCCc1ccccc1,O,-1.1243293
0,for_solvent_tsne,CCCCCCC(CO)CCCC,O,-3.803375
0,for_solvent_tsne,ClCCl,O,-2.5683424
0,for_solvent_tsne,CCC(C)(C)CC(C)C,O,-0.3730014
0,for_solvent_tsne,CC(C)(C)NC=O,O,-4.400485
0,for_solvent_tsne,FC(F)(Br)Br,O,-1.6523762
0,for_solvent_tsne,CC(=CC(C)(C)C)CC(C)(C)C,O,-0.2636087
0,for_solvent_tsne,CCCCCCC(C)=O,O,-3.2332358
0,for_solvent_tsne,CCC(C)C(C)(C)C,O,-0.42160714
0,for_solvent_tsne,CCCC(C)O,O,-4.8242645
0,for_solvent_tsne,Cc1ccc(Cl)cc1,O,-1.3409333
0,for_solvent_tsne,C/C=C(/C)CC,O,-1.2704782
0,for_solvent_tsne,CC(C)C(=O)OCC(C)(C)C(O)C(C)C,O,-2.2874458
0,for_solvent_tsne,CCC(=O)CCC(C)C,O,-3.3496726
0,for_solvent_tsne,N#CC1CC1,O,-4.3072352
0,for_solvent_tsne,CCCCCCCCO,O,-4.2944074
0,for_solvent_tsne,CCCCCCCO,O,-4.4006
0,for_solvent_tsne,COP(=O)(OC)OC,O,-5.3020463
0,for_solvent_tsne,COC(C)(C)C,O,-3.8409111
0,for_solvent_tsne,FC(F)(Cl)C(F)(F)Cl,O,-0.27374196
0,for_solvent_tsne,BrB(Br)Br,O,-1.7682245
0,for_solvent_tsne,CN1CCCC1=O,O,-5.6146593
0,for_solvent_tsne,CCOC(=O)C(C)(C)C,O,-4.994644
0,for_solvent_tsne,CCCCSC,O,-1.7866969
0,for_solvent_tsne,ClCCOCOCCCl,O,-3.7384624
0,for_solvent_tsne,CCCCCO,O,-4.590547
0,for_solvent_tsne,Clc1ccccc1Cl,O,-1.4037986
0,for_solvent_tsne,C1CCSC1,O,-1.7615837
0,for_solvent_tsne,C1COCOC1,O,-4.353406
0,for_solvent_tsne,CCCCCCCCCCCCCCCCI,O,-0.5228432
0,for_solvent_tsne,CC(C)=C(C)C,O,-0.78157157
0,for_solvent_tsne,CCSC(C)=O,O,-3.7466393
0,for_solvent_tsne,ICI,O,-1.6908073
0,for_solvent_tsne,CCCCCOC,O,-3.0130532
0,for_solvent_tsne,C/C=C\C,O,-1.1827852
0,for_solvent_tsne,CCCCCCCCCCCC(=O)OCC,O,-3.2262695
0,for_solvent_tsne,C=C=C(C)C,O,-2.2773318
0,for_solvent_tsne,FC(Cl)(Cl)Cl,O,-1.0174284
0,for_solvent_tsne,CCCCCCCCCCOC(=O)c1ccccc1C(=O)OCCCCCCCCCC,O,-2.5073876
0,for_solvent_tsne,C=CCCCCCCCCCCCCC,O,-0.6147891
0,for_solvent_tsne,[H]O[H],O,-6.415671
0,for_solvent_tsne,CCc1ccc(C)c(C)c1,O,-1.0630119
0,for_solvent_tsne,COC(C)C,O,-3.823918
0,for_solvent_tsne,CCOCC(C)OC(C)=O,O,-3.797843
0,for_solvent_tsne,C=CC/C=C/C,O,-1.738472
0,for_solvent_tsne,CCC(O)OC(O)CC,O,-4.3292775
0,for_solvent_tsne,c1ccc(COCc2ccccc2)cc1,O,-2.6440074
0,for_solvent_tsne,CCOCCOCCOCCOCCO,O,-4.3954024
0,for_solvent_tsne,CCCC[C@@H](C)C(=O)[O-],O,-4.2479215
0,for_solvent_tsne,c1cocn1,O,-4.351227
0,for_solvent_tsne,Cc1ccccc1N,O,-5.22593
0,for_solvent_tsne,CC[C@H](C)[NH2+][C@H](C)CC,O,-3.3465006
0,for_solvent_tsne,CC(=O)CC(C)(C)O,O,-3.7538884
0,for_solvent_tsne,CCCCCCCCNCCCCCCCC,O,-2.7012064
0,for_solvent_tsne,CCC(C)OC(C)=O,O,-3.779736
0,for_solvent_tsne,CCCCCSCC,O,-1.2534345
0,for_solvent_tsne,C1=CCCCCC1,O,-1.6182923
0,for_solvent_tsne,CCCCCCOCCCCCC,O,-1.8196557
0,for_solvent_tsne,CC(C)C1CCCCC1,O,-0.413302
0,for_solvent_tsne,CCCCC(CC)COC(=O)CCCCC(=O)OCC(CC)CCCC,O,-2.9476101
0,for_solvent_tsne,CC(C)(O)C#N,O,-4.768517
0,for_solvent_tsne,CCCCOC(=O)CC,O,-3.5934775
0,for_solvent_tsne,CCCCC(C)O,O,-4.655824
0,for_solvent_tsne,c1ccc2c(c1)CCC2,O,-1.2814538
0,for_solvent_tsne,CCS(=O)(=O)Cl,O,-4.918044
0,for_solvent_tsne,C1=C\C=C/C=C\C=C/1,O,-1.6736679
0,for_solvent_tsne,CCCOC(=O)CCC,O,-3.5692897
0,for_solvent_tsne,CCc1c(C)ccc(C)c1C,O,-0.9476398
0,for_solvent_tsne,CCCC(C)S,O,-1.5649842
0,for_solvent_tsne,CC1CCC(C)CC1,O,-0.43848473
0,for_solvent_tsne,Cc1cscc1C,O,-1.4518698
0,for_solvent_tsne,COC(C)COC(C)CO,O,-3.1655426
0,for_solvent_tsne,OCc1ccco1,O,-5.485658
0,for_solvent_tsne,FC(F)(F)I,O,-1.6468788
0,for_solvent_tsne,Cn1cccc1,O,-2.5324209
0,for_solvent_tsne,FC(F)CC(F)(F)F,O,-1.8055376
0,for_solvent_tsne,CCC(CC)(CC)CC,O,-0.3822921
0,for_solvent_tsne,CC[NH+](C)CC,O,-3.48333
0,for_solvent_tsne,CCC(=O)OC,O,-4.1294265
0,for_solvent_tsne,Cc1ccc2c(c1)CCC2,O,-1.075552
0,for_solvent_tsne,C=COC(=O)C(C)(C)C,O,-4.923371
0,for_solvent_tsne,CNC(C)=O,O,-5.7737217
0,for_solvent_tsne,FC(F)=C(F)C(F)(F)F,O,-1.8496314
0,for_solvent_tsne,CC(C)CC=O,O,-3.8601305
0,for_solvent_tsne,CCCCOCC(C)OCC(C)O,O,-3.797091
0,for_solvent_tsne,CC(C)Cc1ccccc1,O,-1.1258941
0,for_solvent_tsne,C#CCCCCCC,O,-1.3435369
0,for_solvent_tsne,c1ccc2c(c1)COC2,O,-2.4358234
0,for_solvent_tsne,CCCCOP(=O)(OCCCC)OCCCC,O,-4.7925525
0,for_solvent_tsne,CCCCCCCCCCCO,O,-3.966232
0,for_solvent_tsne,CCCCCCC(C)O,O,-3.8895404
0,for_solvent_tsne,OCCOCCOCCO,O,-4.7950063
0,for_solvent_tsne,C=CCCCCCCCCCCC,O,-0.630372
0,for_solvent_tsne,C=C(C)CC(C)(C)C,O,-0.8997461
0,for_solvent_tsne,CCOS(=O)(=O)OCC,O,-4.776658
0,for_solvent_tsne,CC(C)(C)c1ccccc1,O,-1.149384
0,for_solvent_tsne,C=Cc1ccc(C(C)(C)C)cc1,O,-1.0006589
0,for_solvent_tsne,CCOC(=O)CC(=O)OCC,O,-3.5880814
0,for_solvent_tsne,CCCCCCCCCC,O,-0.4070431
0,for_solvent_tsne,CCC(C(C)C)C(C)C,O,-0.42204815
0,for_solvent_tsne,COCC(C)C,O,-3.6988428
0,for_solvent_tsne,CC1CCC(C)C(C)C1C,O,-0.3721925
0,for_solvent_tsne,FC(F)(F)C(F)(Cl)Cl,O,-0.27373385
0,for_solvent_tsne,CCCCCCCCCCOC(C)=O,O,-3.398308
0,for_solvent_tsne,CCCCCCCCOC(C)=O,O,-3.3521922
0,for_solvent_tsne,CCCCOC(=O)/C=C\C(=O)OCCCC,O,-3.4961123
0,for_solvent_tsne,CCC(C)(C)C(C)C,O,-0.4138471
0,for_solvent_tsne,CC(C)c1cccc(C(C)C)c1,O,-0.9219518
0,for_solvent_tsne,C/C(Cl)=C/CCl,O,-1.6914041
0,for_solvent_tsne,CCCCC(C)CCCO,O,-3.4614103
0,for_solvent_tsne,CCCCCCCCCCCCCc1ccccc1,O,-0.8407331
0,for_solvent_tsne,CCC/C=C(/C=O)CC,O,-4.1598024
0,for_solvent_tsne,C=CC(O)C#N,O,-5.186372
0,for_solvent_tsne,OOCCCc1ccccc1,O,-5.069954
0,for_solvent_tsne,CC1C=Cc2ccccc21,O,-1.3021059
0,for_solvent_tsne,CCCCCCC(C)C(C)C,O,-0.35618573
0,for_solvent_tsne,COC(=O)CO,O,-5.788201
0,for_solvent_tsne,OCC1CO1,O,-5.7854843
0,for_solvent_tsne,CC1Cc2ccccc2S1,O,-1.1316879
0,for_solvent_tsne,CCCCOCCCC,O,-2.588012
0,for_solvent_tsne,CCOCCOCCO,O,-4.6821938
0,for_solvent_tsne,CCCCCC(=O)CC,O,-3.2327094
0,for_solvent_tsne,C=Cc1ccccc1CC,O,-1.1886784
0,for_solvent_tsne,CCCCOC(=O)c1ccccc1,O,-3.2241333
0,for_solvent_tsne,OCCCCl,O,-5.296849
0,for_solvent_tsne,CN(C)CCO,O,-4.5141625
0,for_solvent_tsne,CCSCC,O,-1.7651532
0,for_solvent_tsne,COC(=O)CC#N,O,-4.2686243
0,for_solvent_tsne,Cc1cccc(C(C)C)c1,O,-1.074989
0,for_solvent_tsne,c1ccccc1,O,-1.6467391
0,for_solvent_tsne,CCOC(=O)Cl,O,-3.9503193
0,for_solvent_tsne,CCCC(C)CCC,O,-0.4271652
0,for_solvent_tsne,C/C=C/C(C)C,O,-0.4881097
0,for_solvent_tsne,OO,O,-4.393752
0,for_solvent_tsne,NCCNCCNCCN,O,-5.7879863
0,for_solvent_tsne,CCCCCCCCCCS,O,-1.1345273
0,for_solvent_tsne,CC(C)C(=O)OCC(C)(C)C(OC(=O)C(C)C)C(C)C,O,-3.759525
0,for_solvent_tsne,CCCC(CC)CC,O,-0.43001777
0,for_solvent_tsne,FC(F)(F)CCl,O,-1.6133478
0,for_solvent_tsne,C=CCCCCCCCCCCCC,O,-0.632348
0,for_solvent_tsne,CC(C)I,O,-1.6547446
0,for_solvent_tsne,CCCCC(CC)COC(=O)c1ccccc1C(=O)OCC(CC)CCCC,O,-2.8056781
0,for_solvent_tsne,CCC(C)Br,O,-1.7388723
0,for_solvent_tsne,CCOC(=O)c1ccccc1,O,-3.095102
0,for_solvent_tsne,CN(C)C=O,O,-5.545287
0,for_solvent_tsne,CCCCCCCCC=O,O,-3.9479778
0,for_solvent_tsne,CNC1CCCCC1,O,-4.812505
0,for_solvent_tsne,CC(C)CCC(C)C,O,-0.41653973
0,for_solvent_tsne,CC(=O)OCc1ccccc1,O,-3.372317
0,for_solvent_tsne,CCC(C)(CC)CC,O,-0.39304256
0,for_solvent_tsne,CCCCOCC(C)O,O,-4.2240434
0,for_solvent_tsne,[O-][Cl+3]([O-])([O-])O,O,-3.2857528
0,for_solvent_tsne,COCC(C)OCC(C)OC(C)CO,O,-3.3187428
0,for_solvent_tsne,CCCS(=O)(=O)Cl,O,-4.9875445
0,for_solvent_tsne,Cc1ccsc1,O,-1.4894512
0,for_solvent_tsne,CCC1CCCCC1,O,-0.43895632
0,for_solvent_tsne,O=S(=O)(O)Cl,O,-5.459807
0,for_solvent_tsne,CCOCC(C)O,O,-4.5968175
0,for_solvent_tsne,C=C=CCC,O,-2.065109
0,for_solvent_tsne,COC(=O)c1ccc(C(=O)OC)c(C(=O)OC)c1,O,-3.0802233
0,for_solvent_tsne,CC(c1ccccc1)c1ccccc1,O,-1.1488105
0,for_solvent_tsne,C=C(C)C(=C)C,O,-1.9567999
0,for_solvent_tsne,CC/C=C\C/C=C\C/C=C\CCCCCCCC(=O)OCC(COC(=O)CCCCCCC/C=C\C/C=C\C/C=C\CC)OC(=O)CCCCCCC/C=C\C/C=C\C/C=C\CC,O,-2.3312542
0,for_solvent_tsne,C/C=C\C#N,O,-4.096545
0,for_solvent_tsne,ClC(Cl)(Cl)c1ccccc1,O,-1.0138745
0,for_solvent_tsne,C/C=C\CCC,O,-1.1187533
0,for_solvent_tsne,CCCCO,O,-4.5546503
0,for_solvent_tsne,CC/C=C\CCC,O,-0.9316409
0,for_solvent_tsne,CCC(C)C(C)CC,O,-0.4233718
0,for_solvent_tsne,FC(Cl)C(F)(F)F,O,-1.6412082
0,for_solvent_tsne,CC(C)=CC=C(C)C,O,-1.2819673
0,for_solvent_tsne,CC(=O)CC(C)=O,O,-4.5428452
0,for_solvent_tsne,CCCCCCN,O,-5.4242253
0,for_solvent_tsne,CCC(CC)CC,O,-0.45091563
0,for_solvent_tsne,C/C=C\CC,O,-1.3065976
0,for_solvent_tsne,CC(C)(C)OC=O,O,-4.8780913
0,for_solvent_tsne,O=C1CCCC1,O,-4.443779
0,for_solvent_tsne,CCCCC=O,O,-3.6268811
0,for_solvent_tsne,FC(F)(F)C(Cl)Br,O,-1.432871
0,for_solvent_tsne,CCOCCOC(C)=O,O,-3.7857223
0,for_solvent_tsne,SCc1ccccc1,O,-1.5838869
0,for_solvent_tsne,CC(C)=CC(C)(C)C,O,-0.8721858
0,for_solvent_tsne,ClP(Cl)Cl,O,-1.0452999
0,for_solvent_tsne,BrCCBr,O,-1.9222342
0,for_solvent_tsne,C#Cc1ccccc1,O,-1.5987822
0,for_solvent_tsne,C=C(C)C#N,O,-4.229108
0,for_solvent_tsne,CCCCCCCC(C)C(C)C,O,-0.33550173
0,for_solvent_tsne,CN(C)CCN(C)C,O,-3.1946933
0,for_solvent_tsne,CCCCCCOC(=O)c1ccccc1C(=O)OCCCCCC,O,-3.0216742
0,for_solvent_tsne,CCC(C)N,O,-5.7939677
0,for_solvent_tsne,CCCCCCCCCC(=O)OCC,O,-3.5195084
0,for_solvent_tsne,C=CCOC(=O)c1ccccc1C(=O)OCC=C,O,-3.0397868
0,for_solvent_tsne,FC1(F)C(F)(F)C(F)(Cl)C1(F)Cl,O,-0.371561
0,for_solvent_tsne,CCc1cccc(CC)c1CC,O,-0.9385878
0,for_solvent_tsne,CC(C)CC(C)C,O,-0.4411952
0,for_solvent_tsne,C=C1CCC2CC1C2(C)C,O,-0.87410873
0,for_solvent_tsne,CC,O,-1.6122937
0,for_solvent_tsne,C=CC(CC)CCC,O,-0.813007
0,for_solvent_tsne,C=Cc1ccccc1,O,-1.7304281
0,for_solvent_tsne,C=CC1CCCCC1,O,-1.4095849
0,for_solvent_tsne,CC(C)COCC(C)C,O,-2.9330847
0,for_solvent_tsne,CCOC(=O)CCC(=O)OCC,O,-3.4619348
0,for_solvent_tsne,CCC(C)=O,O,-4.108407
0,for_solvent_tsne,CC=CCOC(C)=O,O,-3.7555761
0,for_solvent_tsne,CC(=O)OO,O,-6.190834
0,for_solvent_tsne,CCc1ccccc1CC,O,-1.0206372
0,for_solvent_tsne,COCCOCCO,O,-4.950173
0,for_solvent_tsne,CCCC(C)(C)C,O,-0.43006146
0,for_solvent_tsne,CC(C)CC1CCCCC1,O,-0.37428498
0,for_solvent_tsne,C=CCC(C)C,O,-1.3921462
0,for_solvent_tsne,CCC(C)O,O,-5.1121154
0,for_solvent_tsne,C=CCCCCCCC,O,-0.7273227
0,for_solvent_tsne,CCC=C(C)C,O,-1.2485945
0,for_solvent_tsne,CCCCCCCCCCCN,O,-4.1715655
0,for_solvent_tsne,C1=CCC=C1,O,-1.2622066
0,for_solvent_tsne,CCc1cc(CC)c(CC)c(CC)c1,O,-0.89868957
0,for_solvent_tsne,CCc1ccc(C(C)(C)C)cc1,O,-0.92219573
0,for_solvent_tsne,BrC(Br)C(Br)Br,O,-1.6534737
0,for_solvent_tsne,OCCCCOC1CCCO1,O,-3.7816842
0,for_solvent_tsne,CCOC(C)C,O,-3.7005064
0,for_solvent_tsne,CCCCc1cccc2ccccc12,O,-1.161624
0,for_solvent_tsne,OCCCCO,O,-5.1528196
0,for_solvent_tsne,CCCCCCC(C)C,O,-0.40231222
0,for_solvent_tsne,NC=O,O,-5.775695
0,for_solvent_tsne,Cc1cc(C)nc(C)c1,O,-4.8059707
0,for_solvent_tsne,C=CC(=O)OCCC(=O)O,O,-4.0708
0,for_solvent_tsne,C=C(F)C(F)(F)F,O,-1.1642938
0,for_solvent_tsne,CCCCCCCCCCCCCCCC(=O)OC(C)C,O,-2.4483604
0,for_solvent_tsne,CN=C=O,O,-4.4807763
0,for_solvent_tsne,CCCCCCOCCOCCO,O,-4.615174
0,for_solvent_tsne,CCC(C)(C)SC,O,-1.0464541
0,for_solvent_tsne,CCO,O,-5.087376
0,for_solvent_tsne,COC,O,-4.1995296
0,for_solvent_tsne,CCl,O,-2.5524724
0,for_solvent_tsne,CCCCN=C=O,O,-3.891359
0,for_solvent_tsne,C=CCOC(=O)C(=C)C,O,-3.5544035
0,for_solvent_tsne,CCC(C)(C)C(=O)O,O,-4.6074758
0,for_solvent_tsne,Cc1ccc(Cl)cc1C,O,-1.2685531
0,for_solvent_tsne,CCCCOCCOC(C)=O,O,-3.1792762
0,for_solvent_tsne,C1CCC(NC2CCCCC2)CC1,O,-3.1447675
0,for_solvent_tsne,CCC(OCCCOC)OC(C)=O,O,-3.934903
0,for_solvent_tsne,CCCCC(CC)COC(=O)c1ccc(C(=O)OCC(CC)CCCC)c(C(=O)OCC(CC)CCCC)c1,O,-2.7407389
0,for_solvent_tsne,C=CCC,O,-1.4527571
0,for_solvent_tsne,CCN(CC)c1ccccc1,O,-1.4840863
0,for_solvent_tsne,NCCNCCNCCNCCN,O,-5.5675797
0,for_solvent_tsne,COCC(C)N,O,-5.1082587
0,for_solvent_tsne,CCCCCCCC(C)C,O,-0.38834763
0,for_solvent_tsne,C1CCCCCC1,O,-0.46868426
0,for_solvent_tsne,CCCCOCCOCCOCCO,O,-4.4357076
0,for_solvent_tsne,CCOC(C)(C)CC,O,-3.3651597
0,for_solvent_tsne,FC(F)Cl,O,-2.4560587
0,for_solvent_tsne,CC(Cl)C(C)Cl,O,-1.76689
0,for_solvent_tsne,C[C@H]1CCC[C@H]1C,O,-0.5157845
0,for_solvent_tsne,CCC(C)(C)CC,O,-0.42647845
0,for_solvent_tsne,CC(O)CC=O,O,-4.5366044
0,for_solvent_tsne,Brc1cccc2ccccc12,O,-1.2142828
0,for_solvent_tsne,CCOc1ccc(N)cc1,O,-5.078693
0,for_solvent_tsne,CCCCCc1cccc2ccccc12,O,-1.1184691
0,for_solvent_tsne,Cc1ccc(C)c(C)c1C,O,-1.1197563
0,for_solvent_tsne,C#CC(C)C,O,-1.9773259
0,for_solvent_tsne,C=CCC(C)CC,O,-1.0062957
0,for_solvent_tsne,C=C/C=C/CC,O,-1.7526644
0,for_solvent_tsne,CCCc1ccccc1,O,-1.2985148
0,for_solvent_tsne,Ic1ccccc1,O,-1.3350925
0,for_solvent_tsne,O=Cc1ccccc1,O,-3.777333
0,for_solvent_tsne,O,O,-6.415671
0,for_solvent_tsne,C=CC=C,O,-1.7563123
0,for_solvent_tsne,Clc1cccc(Cl)c1,O,-1.2747465
0,for_solvent_tsne,CCOCCCOC(O)CC,O,-3.4840295
0,for_solvent_tsne,CCCSCCC,O,-1.6620965
0,for_solvent_tsne,CSC,O,-2.3770792
0,for_solvent_tsne,CCOCOCC,O,-3.9418142
0,for_solvent_tsne,COCCOCCOCCOCCOC,O,-4.489526
0,for_solvent_tsne,CCCC(C)CCC(C)C,O,-0.37711042
0,for_solvent_tsne,CCCCCCI,O,-1.545387
0,for_solvent_tsne,FC(F)=C(F)OC(F)(F)F,O,-2.3448217
0,for_solvent_tsne,CCCCCCCOC(=O)c1ccccc1C(=O)OCCCCCCC,O,-2.991079
0,for_solvent_tsne,CC(C)CCCC(C)CCCC(C)CCCCC(C)CCCC(C)CCCC(C)C,O,-0.553618
0,for_solvent_tsne,Cc1ccccc1,O,-1.6030706
0,for_solvent_tsne,CC(Cl)Cl,O,-1.8310895
0,for_solvent_tsne,OCCN1CCOCC1,O,-4.8692937
0,for_solvent_tsne,CC(C)C(C)(C)C(C)C,O,-0.42987406
0,for_solvent_tsne,CC(=O)CCC(C)C,O,-3.5194783
0,for_solvent_tsne,CCCCCC(C)O,O,-4.3001018
0,for_solvent_tsne,CCc1ccccc1N,O,-4.8704004
0,for_solvent_tsne,N#CC=CCCC#N,O,-4.140205
0,for_solvent_tsne,O=S1(=O)CCCC1,O,-4.8837814
0,for_solvent_tsne,Cc1ccc(Cl)cc1Cl,O,-1.211353
0,for_solvent_tsne,CC1CC=CC1,O,-0.6020293
0,for_solvent_tsne,CCCC=O,O,-3.7253973
0,for_solvent_tsne,FC(F)(F)C(F)(F)C(F)(F)F,O,-0.24117695
0,for_solvent_tsne,CN1CCCC1=S,O,-3.2903125
0,for_solvent_tsne,CC(C)CCCCCOC(=O)c1ccccc1C(=O)OCCCCCC(C)C,O,-2.7531302
0,for_solvent_tsne,CCCCCCCCCOC(C)=O,O,-3.528196
0,for_solvent_tsne,CCCc1ccccc1C,O,-1.0061216
0,for_solvent_tsne,C1=COCC1,O,-4.653627
0,for_solvent_tsne,CCCCSCCCC,O,-0.8872547
0,for_solvent_tsne,C=C(F)F,O,-2.7746122
0,for_solvent_tsne,O=S(=O)=O,O,-3.502382
0,for_solvent_tsne,CC(C)(C)S,O,-1.8357521
0,for_solvent_tsne,CCCC(=O)O,O,-4.99619
0,for_solvent_tsne,CC(=O)CO,O,-5.087958
0,for_solvent_tsne,CC(C)(OO)c1ccccc1,O,-5.2364807
0,for_solvent_tsne,CSC(C)(C)C,O,-0.49460822
0,for_solvent_tsne,CC1CCC[C@@H](O)C1,O,-4.2395763
0,for_solvent_tsne,CCCCCCCCCS,O,-1.2392539
0,for_solvent_tsne,CCOCCOCCOCC,O,-4.37301
0,for_solvent_tsne,C1CSC1,O,-1.5905676
0,for_solvent_tsne,C1CCNC1,O,-5.958302
0,for_solvent_tsne,CC1CC(C)CC(C)C1,O,-0.48333538
0,for_solvent_tsne,CC1=CCC(=C(C)C)CC1,O,-0.76787966
0,for_solvent_tsne,C=CC=O,O,-4.160889
0,for_solvent_tsne,COC=O,O,-4.3054924
0,for_solvent_tsne,FC(F)(F)C1(F)C(F)(F)C(F)(F)C(F)(F)C1(F)F,O,-0.16792797
0,for_solvent_tsne,FC(F)(Cl)Cl,O,-1.0360748
0,for_solvent_tsne,C/C=C/C=C/C,O,-2.1959534
0,for_solvent_tsne,CC(C)CC(=O)CC(C)CC(C)C,O,-2.1042407
0,for_solvent_tsne,CCNC=O,O,-5.081059
0,for_solvent_tsne,C=C(C)C(=O)O,O,-5.803114
0,for_solvent_tsne,CCC(C)(C)O,O,-5.2909718
0,for_solvent_tsne,O=[N+]([O-])C([N+](=O)[O-])([N+](=O)[O-])[N+](=O)[O-],O,-2.8804412
0,for_solvent_tsne,CC(C)CCCCO,O,-4.3063707
0,for_solvent_tsne,CCc1c(C)cccc1C,O,-1.0593567
0,for_solvent_tsne,C=CC(F)(F)F,O,-1.5607576
0,for_solvent_tsne,CCCCC/C=C\C/C=C\CCCCCCCC(=O)O,O,-2.9460456
0,for_solvent_tsne,CCCCCCCCCCCCCC(=O)OC(C)C,O,-2.5381818
0,for_solvent_tsne,FC(F)Br,O,-2.2329893
0,for_solvent_tsne,CCC(=O)OC(=O)CC,O,-3.8392036
0,for_solvent_tsne,FC(F)C(F)(F)F,O,-1.3650628
0,for_solvent_tsne,c1ccsc1,O,-1.5577574
0,for_solvent_tsne,CC(=O)C(C)C,O,-5.400655
0,for_solvent_tsne,CCC/C=C\CCC,O,-0.7762253
0,for_solvent_tsne,CC(=O)OC1CC(C)OC(C)O1,O,-3.5040214
0,for_solvent_tsne,C=CCCC(C)C,O,-1.0135809
0,for_solvent_tsne,CCCCC/C=C\C/C=C\CCCCCCCC(=O)OCC,O,-2.6246128
0,for_solvent_tsne,COC(F)F,O,-3.5484436
0,for_solvent_tsne,CC1(C)CCCC1,O,-0.45153558
0,for_solvent_tsne,CCCOCC,O,-3.5021672
0,for_solvent_tsne,O=NF,O,-4.085623
0,for_solvent_tsne,C1CCOC1,O,-4.5106664
0,for_solvent_tsne,CCCOC(=O)CC,O,-3.6581995
0,for_solvent_tsne,CCCCC(CC)COC(C)=O,O,-3.6672482
0,for_solvent_tsne,CCC(CC)C(=O)O,O,-4.7970614
0,for_solvent_tsne,CCC(=O)OC(C)COC,O,-3.7243962
0,for_solvent_tsne,CC(O)COC(C)(C)C,O,-4.465967
0,for_solvent_tsne,CCCS,O,-2.3661206
0,for_solvent_tsne,CCN,O,-6.286955
0,for_solvent_tsne,O=[N+]([O-])c1cc(C(F)(F)F)ccc1Cl,O,-3.3522282
0,for_solvent_tsne,C=C(C)OC(C)=O,O,-4.034735
0,for_solvent_tsne,O=P(Cl)(Cl)Cl,O,-2.358198
0,for_solvent_tsne,CCCCCCCBr,O,-1.5371511
0,for_solvent_tsne,CCBr,O,-2.447323
0,for_solvent_tsne,COCCO,O,-5.108648
0,for_solvent_tsne,C=C/C=C\C,O,-2.0247362
0,for_solvent_tsne,SCCS,O,-2.358617
0,for_solvent_tsne,CCc1cccc(C)c1,O,-1.2417091
0,for_solvent_tsne,C#CCO,O,-5.32831
0,for_solvent_tsne,CCOC(=O)CC#N,O,-3.966775
0,for_solvent_tsne,CC(C)OC(C)C,O,-3.581616
0,for_solvent_tsne,CC(C)CCC(C)(C)C,O,-0.36230898
0,for_solvent_tsne,NCCCN,O,-7.032408
0,for_solvent_tsne,OCCO,O,-5.673768
0,for_solvent_tsne,CCCCCCCC/C=C\CCCCCCCC(=O)OCC(COC(=O)CCCCCCC/C=C\CCCCCCCC)OC(=O)CCCCCCC/C=C\CCCCCCCC,O,-2.3176463
0,for_solvent_tsne,C=CCCl,O,-1.9352657
0,for_solvent_tsne,CC(C)CCCCCCCOC(=O)c1ccccc1C(=O)OCCCCCCCC(C)C,O,-2.4484155
0,for_solvent_tsne,C=C(C)C(=O)OC(C)(C)C,O,-3.9978406
0,for_solvent_tsne,CBr,O,-2.4616606
0,for_solvent_tsne,CSCCC=O,O,-3.9000819
0,for_solvent_tsne,C=Cc1ccc(C)cc1,O,-1.3333565
0,for_solvent_tsne,FC(F)(F)c1ccc(Cl)cc1,O,-1.0622724
0,for_solvent_tsne,O=S=O,O,-3.1031003
0,for_solvent_tsne,O=C(O)CC1CCCC1,O,-4.84402
0,for_solvent_tsne,CCCCCCC(=O)CC,O,-3.5383313
0,for_solvent_tsne,N#CCCOCCC#N,O,-4.111646
0,for_solvent_tsne,CCCCCCCCCC(C)CO,O,-3.4540694
0,for_solvent_tsne,O=C=NCCCCN=C=O,O,-4.202974
0,for_solvent_tsne,c1cc[nH]c1,O,-5.0067325
0,for_solvent_tsne,CC(C)CCO,O,-4.822542
0,for_solvent_tsne,CCOCc1ccccc1,O,-2.2522728
0,for_solvent_tsne,CC(C)N,O,-5.923038
0,for_solvent_tsne,CCCCCOC(=O)CCC,O,-3.462509
0,for_solvent_tsne,CCCOC,O,-3.8648932
0,for_solvent_tsne,CC(=O)C(=O)O,O,-5.9143934
0,for_solvent_tsne,CCCCCCCS,O,-1.348294
0,for_solvent_tsne,FC(F)F,O,-2.600125
0,for_solvent_tsne,CC(=O)CC(=O)OC(C)(C)C,O,-4.639758
0,for_solvent_tsne,CC(CO)CO,O,-5.3942704
0,for_solvent_tsne,CC1=CC=C(C(C)C)CC1,O,-0.90072364
0,for_solvent_tsne,C=CCOCC(C)O,O,-4.360308
0,for_solvent_tsne,Cc1ccccc1C,O,-1.5904218
0,for_solvent_tsne,FC(F)(F)Br,O,-1.3692638
0,for_solvent_tsne,CCC(C)S,O,-1.9505887
0,for_solvent_tsne,CCOP(=O)(OCC)OCC,O,-5.304401
0,for_solvent_tsne,CC(C)SC(C)C,O,-0.5838242
0,for_solvent_tsne,CCc1ccc(CCc2ccccc2)cc1,O,-1.1197512
0,for_solvent_tsne,CCC1CCCc2ccccc21,O,-0.9246594
0,for_solvent_tsne,C=Cc1ccc(CC(C)C)cc1,O,-1.0066193
0,for_solvent_tsne,CCCCCOCCCCC,O,-2.0968933
0,for_solvent_tsne,CCSC,O,-2.1428053
0,for_solvent_tsne,CCCCC1CCCCC1,O,-0.3786549
0,for_solvent_tsne,FC(F)=CCl,O,-1.4966673
0,for_solvent_tsne,CCc1cccc(C)c1C,O,-1.0521073
0,for_solvent_tsne,Cl/C=C\Cl,O,-2.1156504
0,for_solvent_tsne,COC(=O)/C=C\C(=O)OC,O,-4.099149
0,for_solvent_tsne,CCOC(C)=O,O,-4.2016115
0,for_solvent_tsne,CC12CC3CC(C1)CC(C)(C3)C2,O,-0.3553186
0,for_solvent_tsne,S=C=S,O,-0.607155
0,for_solvent_tsne,O=C=NC1CCCCC1,O,-4.084383
0,for_solvent_tsne,CCCCCCCCCc1cccc2ccccc12,O,-1.0134975
0,for_solvent_tsne,Cc1cccnc1C,O,-5.049075
0,for_solvent_tsne,CCC(C)(C)C(C)(C)C,O,-0.37237155
0,for_solvent_tsne,CCCC(C)C(C)C,O,-0.42485547
0,for_solvent_tsne,CCOC(=O)CC,O,-3.7904265
0,for_solvent_tsne,CCCC#N,O,-4.0232053
0,for_solvent_tsne,FC(Cl)C(F)(F)Cl,O,-1.5297779
0,for_solvent_tsne,CCCCCCCCCCCc1ccccc1,O,-1.0249147
0,for_solvent_tsne,CCCC,O,-0.55991095
0,for_solvent_tsne,C=CC(=O)OC,O,-4.2158084
0,for_solvent_tsne,CCCSCC,O,-1.7845432
0,for_solvent_tsne,C/C=C\c1ccccc1,O,-1.4279281
0,for_solvent_tsne,CCc1cccc(O)c1,O,-5.399159
0,for_solvent_tsne,C#CCC=C,O,-1.9876189
0,for_solvent_tsne,CCCCCC(=O)CCC,O,-3.336761
0,for_solvent_tsne,C[C@H]1CCC[C@@H](C)C1,O,-0.4386943
0,for_solvent_tsne,CCCCCCCCC(C)C,O,-0.36084127
0,for_solvent_tsne,CCOC(=O)Cc1ccccc1,O,-3.1471417
0,for_solvent_tsne,OCc1ccccc1,O,-4.972096
0,for_solvent_tsne,C[C@H](O)[C@@H](C)O,O,-5.509416
0,for_solvent_tsne,COC(C)CCO,O,-4.568016
0,for_solvent_tsne,CCCCCCCCCCCCBr,O,-0.70839643
0,for_solvent_tsne,C=CC(C)C=C,O,-1.8548073
0,for_solvent_tsne,C=CC(=O)OC(C)CC,O,-3.624038
0,for_solvent_tsne,C=CC(OC(C)=O)OC(C)=O,O,-3.7947845
0,for_solvent_tsne,C1CC(C2CCOC2)CO1,O,-4.989587
0,for_solvent_tsne,CCCCCCCCCO,O,-4.2014794
0,for_solvent_tsne,COC1CCC=CO1,O,-4.546891
0,for_solvent_tsne,FCC(Cl)(Cl)Cl,O,-1.4938033
0,for_solvent_tsne,CC(OO)c1ccccc1,O,-5.7116823
0,for_solvent_tsne,CCCc1cccc2ccccc12,O,-1.2037934
0,for_solvent_tsne,CCCCN(C=O)CCCC,O,-4.4012837
0,for_solvent_tsne,C=C(C)CCCCC,O,-0.79909605
0,for_solvent_tsne,CC(O)CCl,O,-5.2939925
0,for_solvent_tsne,CC1CCCCC1O,O,-4.310993
0,for_solvent_tsne,CCOC(OCC)OCC,O,-4.5667877
0,for_solvent_tsne,CC(C)S,O,-1.9342984
0,for_solvent_tsne,CCCCCCCCCCO,O,-4.0576305
0,for_solvent_tsne,C1=CCCC1,O,-0.58948874
0,for_solvent_tsne,CC(F)(F)Cl,O,-1.7078402
0,for_solvent_tsne,CCCCC(C)C=O,O,-3.406672
0,for_solvent_tsne,C=C(C)C(=O)OCC(C)O,O,-3.9881139
0,for_solvent_tsne,C=CCCCCCC,O,-0.7648986
0,for_solvent_tsne,CCCCCCC(C)(C)C,O,-0.3487991
0,for_solvent_tsne,C[C@H](CO)OC(C)(C)C,O,-4.506561
0,for_solvent_tsne,CC(C)CC(C)(C)C,O,-0.42401606
0,for_solvent_tsne,C=CC1CC=C(C)CC1,O,-1.60532
0,for_solvent_tsne,CCOCC,O,-3.8655207
0,for_solvent_tsne,O=[N+]([O-])c1ccccc1,O,-3.0999405
0,for_solvent_tsne,CCN1CCOCC1,O,-4.0874844
0,for_solvent_tsne,O=CC1CCCCC1,O,-4.6456976
0,for_solvent_tsne,OC(CCl)CCl,O,-6.0429916
0,for_solvent_tsne,C=C1C=C[C@H](C(C)C)CC1,O,-1.0888779
0,for_solvent_tsne,O=[N+]([O-])O,O,-3.8905265
0,for_solvent_tsne,CCOCC(C)C,O,-3.3308225
0,for_solvent_tsne,Brc1cccc(Br)c1,O,-1.0381413
0,for_solvent_tsne,CC(F)(Cl)Cl,O,-1.7348157
0,for_solvent_tsne,CN1CCCCC1=O,O,-5.7094836
0,for_solvent_tsne,Cc1cccc2ccccc12,O,-1.2230341
0,for_solvent_tsne,CC(=O)c1ccccc1,O,-3.6948876
0,for_solvent_tsne,CCCCCCCCCCCC(=O)OC,O,-3.5135334
0,for_solvent_tsne,ClCc1ccccc1,O,-1.4254994
0,for_solvent_tsne,C1=CCCCC1,O,-1.0742368
0,for_solvent_tsne,C1CCOCC1,O,-3.8897245
0,for_solvent_tsne,OCCS,O,-4.952221
0,for_solvent_tsne,OCCOCCOCCOCCO,O,-4.7083025
0,for_solvent_tsne,CCC(C)OC,O,-3.6594553
0,for_solvent_tsne,CCCCC/C=C\C/C=C\CCCCCCCC(=O)OCC(COC(=O)CCCCCCC/C=C\C/C=C\CCCCC)OC(=O)CCCCCCC/C=C\C/C=C\CCCCC,O,-2.3259408
0,for_solvent_tsne,CCc1cccc(CC)c1,O,-1.0811038
0,for_solvent_tsne,O=[N+]([O-])OCC(CO[N+](=O)[O-])O[N+](=O)[O-],O,-3.966408
0,for_solvent_tsne,CCN1CCCC1=O,O,-5.4733524
0,for_solvent_tsne,CCCCCCOCCO,O,-4.671744
0,for_solvent_tsne,ClC(Cl)(Cl)Br,O,-1.0822546
0,for_solvent_tsne,CCC(C)Cl,O,-1.9754099
0,for_solvent_tsne,CC(O)c1ccccc1,O,-5.209303
0,for_solvent_tsne,CC(C)CS,O,-1.9546174
0,for_solvent_tsne,CCCCC(CC)COC(=O)c1ccc(C(=O)OCC(CC)CCCC)cc1,O,-2.7648768
0,for_solvent_tsne,CCCCCC(C)CC,O,-0.40617955
0,for_solvent_tsne,CC/C(C)=N/O,O,-5.160387
0,for_solvent_tsne,CCCCCCCCCCCCCCc1ccccc1,O,-0.74602664
0,for_solvent_tsne,CC(O)C(=O)O,O,-6.1369743
0,for_solvent_tsne,C#CCCCCCCCC,O,-1.1963036
0,for_solvent_tsne,CCCCCCCCOC(=O)CCCCC(=O)OCCCCCCCC,O,-2.9614959
0,for_solvent_tsne,Cc1ccccc1C(C)C,O,-1.1021556
0,for_solvent_tsne,Cc1ccccc1[N+](=O)[O-],O,-3.0467565
0,for_solvent_tsne,CCCCN(CCCC)CCCC,O,-1.4707735
0,for_solvent_tsne,C=C(C)C(=O)OCCCC,O,-3.8160408
0,for_solvent_tsne,C/C=C\CCCC,O,-0.9313149
0,for_solvent_tsne,CCCCCCCCC(CO)CCCC,O,-3.494071
0,for_solvent_tsne,NCCCO,O,-5.684281
0,for_solvent_tsne,CCCCCCC(C)C=O,O,-3.68135
0,for_solvent_tsne,CC(C)Br,O,-2.0776472
0,for_solvent_tsne,CCCC(C)CO,O,-4.696937
0,for_solvent_tsne,CC1(C)CC(N=C=O)CC(C)(CN=C=O)C1,O,-4.280651
0,for_solvent_tsne,CCCCC1CCCC1,O,-1.0653182
0,for_solvent_tsne,CCOO,O,-5.216248
0,for_solvent_tsne,O=C=Nc1ccccc1,O,-3.5720847
0,for_solvent_tsne,COC(F)(F)C(F)(F)C(F)(F)C(F)(F)F,O,-0.9376005
0,for_solvent_tsne,CC(C)NC(C)C,O,-4.1280146
0,for_solvent_tsne,CCCCBr,O,-1.6566606
0,for_solvent_tsne,CCCCCCCC/C=C\CCCCCCCCCCCC(=O)OC,O,-2.276158
0,for_solvent_tsne,O=C1C=CCCC1,O,-4.2633185
0,for_solvent_tsne,CNc1ccccc1,O,-3.1832592
0,for_solvent_tsne,CCC(CC)C(C)(C)C,O,-0.3730932
0,for_solvent_tsne,C=CC(=O)OCCCC,O,-3.5430174
0,for_solvent_tsne,OCCN1CCNCC1,O,-5.262396
0,for_solvent_tsne,Cc1ccc2ccccc2n1,O,-4.193107
0,for_solvent_tsne,CCC(CC)CO,O,-4.711756
0,for_solvent_tsne,CCC,O,-0.5598743
0,for_solvent_tsne,N,O,-4.2688756
0,for_solvent_tsne,ClCCCCl,O,-1.9449818
0,for_solvent_tsne,CC(=O)C=C(C)C,O,-3.7456894
0,for_solvent_tsne,CC(C)(C)OOC(C)(C)C,O,-4.173888
0,for_solvent_tsne,CCCc1ccc(C)cc1,O,-1.0450503
0,for_solvent_tsne,C#CCCCCCCC,O,-1.7032886
0,for_solvent_tsne,FC(F)(F)C(F)(F)C(F)(F)C(F)(F)F,O,-0.24531324
0,for_solvent_tsne,C=COC(C)=O,O,-4.268658
0,for_solvent_tsne,CC#CCCC,O,-1.7339344
0,for_solvent_tsne,CCCCCCCCCCCCCCC,O,-0.3012452
0,for_solvent_tsne,CCCCCCC1CCCc2ccccc21,O,-1.0368983
0,for_solvent_tsne,CC(C)(C)C1CCCCC1,O,-0.42369843
0,for_solvent_tsne,ClC1CCCCC1,O,-1.5731822
0,for_solvent_tsne,CCCCC(=O)CCCC,O,-3.403313
0,for_solvent_tsne,CCCSSCCC,O,-1.7256478
0,for_solvent_tsne,CC(C)(C)N,O,-4.1896377
0,for_solvent_tsne,COCC(=O)O,O,-5.6977835
0,for_solvent_tsne,CN1CCCC1,O,-4.176614
0,for_solvent_tsne,ClSCl,O,-1.263609
0,for_solvent_tsne,CCN(CC)CC,O,-3.3078253
0,for_solvent_tsne,CCC1CCCC1,O,-1.3869026
0,for_solvent_tsne,CC(F)(F)F,O,-1.8227521
0,for_solvent_tsne,CC/C=C/CCCC,O,-0.776227
0,for_solvent_tsne,C=CCOC(=O)C=C,O,-3.5605395
0,for_solvent_tsne,CCCCC(O)CC,O,-4.367728
0,for_solvent_tsne,C=CC(=O)O,O,-5.573752
0,for_solvent_tsne,CC(=O)OCC(COC(C)=O)OC(C)=O,O,-4.0745597
0,for_solvent_tsne,CC(C)[N+](=O)[O-],O,-3.406505
0,for_solvent_tsne,c1ccc2c(c1)CCCC2,O,-0.9242909
0,for_solvent_tsne,CC(=O)OC1CCCCC1,O,-3.7646637
0,for_solvent_tsne,SC1CCCCC1,O,-1.5746934
0,for_solvent_tsne,C[C@@H]1CC[C@@H](C)C1,O,-0.5041575
0,for_solvent_tsne,CC(C)C(C)(C)C(C)(C)C(C)(C)S,O,-0.25827616
0,for_solvent_tsne,CC/C=C\CCCC,O,-0.776227
0,for_solvent_tsne,COC(C)O,O,-5.3794203
0,for_solvent_tsne,CC(C)CC(O)CC(C)C,O,-2.8412325
0,for_solvent_tsne,O=[N+]([O-])[N+](=O)[O-],O,-3.0705497
0,for_solvent_tsne,CCCC(C)=O,O,-3.8389986
0,for_solvent_tsne,C/C=C\C(C)C,O,-0.48810977
0,for_solvent_tsne,OOC1CCCCC1,O,-5.6535764
0,for_solvent_tsne,NCCO,O,-6.2000556
0,for_solvent_tsne,CCC(O)CO,O,-5.3950486
0,for_solvent_tsne,CCC(C)CC(C)(C)CC,O,-0.37064773
0,for_solvent_tsne,CCc1cc2ccccc2s1,O,-1.1832387
0,for_solvent_tsne,CC1CCCC1(C)C,O,-0.40646344
0,for_solvent_tsne,CCCCCC=O,O,-3.4846299
0,for_solvent_tsne,CCCCCCCCC(C)C(C)C,O,-0.31125385
0,for_solvent_tsne,C=Cc1ccccc1C,O,-1.3513241
0,for_solvent_tsne,CCC(C)CC(C)C,O,-0.41949213
0,for_solvent_tsne,CC(O)CO,O,-5.6088686
0,for_solvent_tsne,C=CCCCC(C)C,O,-0.80974156
0,for_solvent_tsne,O=C1CCCO1,O,-4.6046867
0,for_solvent_tsne,CCCCCCCCOCCCCCCCC,O,-1.9328223
0,for_solvent_tsne,CC(C)(C)CC(C)(C)C,O,-0.33321398
0,for_solvent_tsne,C=CCC#N,O,-4.038827
0,for_solvent_tsne,CC1=CC2C3CC(C=C3C)C2C1,O,-0.87954384
0,for_solvent_tsne,CCOCCO,O,-4.962499
0,for_solvent_tsne,CCCCCOCCO,O,-4.522746
0,for_solvent_tsne,CCCCC(CC)CNCC(CC)CCCC,O,-2.497379
0,for_solvent_tsne,CC(C)(C)C,O,-0.5488608
0,for_solvent_tsne,CCCCOO,O,-4.963574
0,for_solvent_tsne,CCOC(=O)C(=O)OCC,O,-3.9962766
0,for_solvent_tsne,CCOC(=O)C(C)C,O,-3.7884252
0,for_solvent_tsne,C=CCCCCC,O,-0.880455
0,for_solvent_tsne,C[C@H]1CC[C@@H](C)C1,O,-0.50415736
0,for_solvent_tsne,COC(=O)c1ccccc1,O,-3.611299
0,for_solvent_tsne,CCCO,O,-4.7801538
0,for_solvent_tsne,ClCCCCCl,O,-1.7208788
0,for_solvent_tsne,CCCOCCC,O,-3.0120661
0,for_solvent_tsne,CCC(C)(C)OC,O,-3.659324
0,for_solvent_tsne,CCC(=O)C(C)C,O,-4.9041686
0,for_solvent_tsne,CCSSCC,O,-1.7747439
0,for_solvent_tsne,Cc1ccccc1C=O,O,-3.7427237
0,for_solvent_tsne,Cc1cccc([N+](=O)[O-])c1,O,-3.0429828
0,for_solvent_tsne,COC(=O)CCl,O,-4.034602
0,for_solvent_tsne,Cl/C=C/CCl,O,-2.1250684
0,for_solvent_tsne,C=CC(=O)OCCCCCCOC(=O)C=C,O,-3.6804917
0,for_solvent_tsne,O=C(Cl)C(Cl)Cl,O,-3.6135726
0,for_solvent_tsne,COC(C)=O,O,-4.339537
0,for_solvent_tsne,COCCOC,O,-3.9694164
0,for_solvent_tsne,C/C=C/CCCC,O,-0.9313149
0,for_solvent_tsne,C=C(C)C(=O)OCC(C)C,O,-3.5488322
0,for_solvent_tsne,O=C(O)CS,O,-5.5554333
0,for_solvent_tsne,CCCCC(CC)CC=O,O,-4.279851
0,for_solvent_tsne,CCC(C)C1CCCCC1,O,-0.3600914
0,for_solvent_tsne,CC/C=C\CC,O,-1.1198633
0,for_solvent_tsne,CCCCOCCOCCOCCCC,O,-3.8600357
0,for_solvent_tsne,C=CC(=O)OCCO,O,-5.1396403
0,for_solvent_tsne,CCOC(=O)c1ccccc1C(=O)OCC,O,-3.4756205
0,for_solvent_tsne,C/C=C(/C)c1ccccc1,O,-1.1281182
0,for_solvent_tsne,CC1COC(=O)O1,O,-4.262274
0,for_solvent_tsne,CCCOCCO,O,-4.739594
0,for_solvent_tsne,OC1CCCCC1,O,-4.6577077
0,for_solvent_tsne,C=CC#N,O,-4.337322
0,for_solvent_tsne,CC1=Cc2ccccc2C1,O,-1.1692867
0,for_solvent_tsne,CC(C)C(=O)O,O,-5.0682077
0,for_solvent_tsne,C/C=C\CCCCCCCCC,O,-0.56104124
0,for_solvent_tsne,OCC(O)CCl,O,-5.465907
0,for_solvent_tsne,C=C(Cl)Cl,O,-1.1460068
0,for_solvent_tsne,CC(=O)OCCOC(C)=O,O,-4.0843525
0,for_solvent_tsne,C=CCl,O,-2.4125237
0,for_solvent_tsne,FC(F)=C(F)C(F)=C(F)F,O,-1.535095
0,for_solvent_tsne,Cc1ccccc1Cl,O,-1.601347
0,for_solvent_tsne,CCCCCCCCCCC,O,-0.37738132
0,for_solvent_tsne,C=C(C)C(=O)OC,O,-4.080948
0,for_solvent_tsne,C/C=C\C=C\C,O,-2.1959534
0,for_solvent_tsne,C=CCCC=C,O,-1.7330083
0,for_solvent_tsne,CCCCCCOCCOCCOCCO,O,-4.3668394
0,for_solvent_tsne,O=Cc1ccco1,O,-4.4075627
0,for_solvent_tsne,CCC(C)c1ccccc1,O,-1.047157
0,for_solvent_tsne,Cc1ccsc1C,O,-1.4518555
0,for_solvent_tsne,FC(F)(F)C(Cl)(Cl)Cl,O,-0.29699698
0,for_solvent_tsne,c1ccc(OCC2CO2)cc1,O,-3.5467687
0,for_solvent_tsne,CCc1cc(C)sc1C,O,-0.9949857
0,for_solvent_tsne,COCC(C)OC,O,-3.8960545
0,for_solvent_tsne,CCCOCCOCCOCCO,O,-4.443453
0,for_solvent_tsne,CC/C=C\C/C=C\C/C=C\CCCCCCCC(=O)OC,O,-2.7920437
0,for_solvent_tsne,NCCOCCN1CCOCC1,O,-3.4359174
0,for_solvent_tsne,CCCCC(C)CCC,O,-0.40734154
0,for_solvent_tsne,FC(F)(Cl)C(F)(Cl)Cl,O,-0.29701924
0,for_solvent_tsne,FC(F)(F)CC(F)(F)F,O,-1.7434777
0,for_solvent_tsne,CC1CCCO1,O,-4.4138293
0,for_solvent_tsne,CC(=O)Cl,O,-3.8797634
0,for_solvent_tsne,CCC(C)C(=O)O,O,-5.245373
0,for_solvent_tsne,CCCCC(C)C,O,-0.45147365
0,for_solvent_tsne,OCC(O)CO,O,-5.7313247
0,for_solvent_tsne,FC(F)=C(F)Cl,O,-1.2242476
0,for_solvent_tsne,C=CCOCC=C,O,-2.9242046
0,for_solvent_tsne,CCOP(OCC)OCC,O,-4.602183
0,for_solvent_tsne,Brc1ccccc1,O,-1.4682708
0,for_solvent_tsne,CS(C)=O,O,-6.0911098
0,for_solvent_tsne,C=CBr,O,-2.2220716
0,for_solvent_tsne,COCCN1CCOCC1,O,-4.280606
0,for_solvent_tsne,COC(=O)c1ccccc1C(=O)OC,O,-3.930892
0,for_solvent_tsne,C1CCCCCCC1,O,-0.43644786
0,for_solvent_tsne,CC(O)COC(C)COC(C)(C)C,O,-5.077439
0,for_solvent_tsne,CCCC1CCCC1,O,-1.6686548
0,for_solvent_tsne,C/C=C/CCCCCCCCCCCCCCCCC,O,-0.53134924
0,for_solvent_tsne,NCc1ccccc1,O,-5.902696
0,for_solvent_tsne,CCCSC,O,-1.7714838
0,for_solvent_tsne,CC(C)CO,O,-5.0974464
0,for_solvent_tsne,S,O,-2.1559637
0,for_solvent_tsne,FC(C(F)(F)F)C(F)(F)F,O,-1.9029638
0,for_solvent_tsne,C=Cc1cccc(CC)c1,O,-1.1521871
0,for_solvent_tsne,OCCCl,O,-5.1305194
0,for_solvent_tsne,CC(CO)c1ccccc1,O,-5.077598
0,for_solvent_tsne,CCC#CCC,O,-1.732555
0,for_solvent_tsne,ClC/C=C\CCl,O,-1.7564594
0,for_solvent_tsne,CC(=O)Oc1ccccc1,O,-3.5543547
0,for_solvent_tsne,COC(=O)CC(C)=O,O,-4.196487
0,for_solvent_tsne,Cc1ccc(C(C)C)cc1,O,-1.0672189
0,for_solvent_tsne,Cc1cccc(Cl)c1C,O,-1.2606249
0,for_solvent_tsne,C=CCCCCCCCCCCCCCCCCC,O,-0.5328027
0,for_solvent_tsne,CC(C)COC(=O)C(C)C,O,-3.7760136
0,for_solvent_tsne,CC(=O)N(C)C,O,-5.513458
0,for_solvent_tsne,CCCCCC/C=C\CCCCCCCC(=O)OC,O,-3.0129921
0,for_solvent_tsne,N#CCc1ccccc1,O,-3.488429
0,for_solvent_tsne,C1COCCN1,O,-5.0772715
0,for_solvent_tsne,CCCCCN,O,-5.5103946
0,for_solvent_tsne,CCC1CCCS1,O,-1.4536335
0,for_solvent_tsne,C1=CCOC1,O,-4.653903
0,for_solvent_tsne,CCc1cc(CC)cc(CC)c1,O,-0.92350745
0,for_solvent_tsne,C=CCCCCCCCC,O,-0.6657243
0,for_solvent_tsne,C=C(C)CNCC,O,-3.2886932
0,for_solvent_tsne,CC#CCC,O,-2.0581672
0,for_solvent_tsne,C#CCCC,O,-2.0496445
0,for_solvent_tsne,CC1CCCCC1,O,-0.45470196
0,for_solvent_tsne,CCCCCCCCCCCCc1ccccc1,O,-0.9461543
0,for_solvent_tsne,FC(F)(Br)C(F)(F)Br,O,-0.25850102
0,for_solvent_tsne,C1=C\CCCCCC/1,O,-1.3963219
0,for_solvent_tsne,C=C/C=C/C,O,-2.0247362
0,for_solvent_tsne,CCCC1CCCCC1,O,-0.414576
0,for_solvent_tsne,Cc1ccc2occ(C)c2c1,O,-4.2485456
0,for_solvent_tsne,CCCCCCCCCCN,O,-4.263221
0,for_solvent_tsne,CCOC(=O)CCC(C)=O,O,-3.6316519
0,for_solvent_tsne,C=CCCCCCCCCC,O,-0.6096103
0,for_solvent_tsne,CCCCCCCCCCCC(C)CO,O,-3.4114437
0,for_solvent_tsne,OCCOCCO,O,-5.2686353
0,for_solvent_tsne,N#CCCO,O,-5.607768
0,for_solvent_tsne,CN1CCN(C)C1=O,O,-5.6015043
0,for_solvent_tsne,ClC(Cl)c1ccccc1,O,-1.2001898
0,for_solvent_tsne,Cc1ccc(N)c(C)c1,O,-5.0054655
0,for_solvent_tsne,CCCCC(C)CO,O,-4.371147
0,for_solvent_tsne,CC(C)(C)CCC(C)(C)C,O,-0.3091619
0,for_solvent_tsne,C/C=C/C#N,O,-4.096545
0,for_solvent_tsne,CCCOC(=O)c1ccccc1C(=O)OCCC,O,-2.9792345
0,for_solvent_tsne,CCCCC(CC)COCCO,O,-4.371175
0,for_solvent_tsne,CCCC(O)CC,O,-4.697391
0,for_solvent_tsne,C=CC#CC,O,-2.0884633
0,for_solvent_tsne,CCc1cc(C)c(C)cc1C,O,-0.9498404
0,for_solvent_tsne,ClC/C=C/CCl,O,-1.7564594
0,for_solvent_tsne,CCCCCC=CCC=CCCCCCCCC(=O)O,O,-2.946046
0,for_solvent_tsne,CC1=CCCC1,O,-0.56111443
0,for_solvent_tsne,CCCCC#N,O,-3.850062
0,for_solvent_tsne,Cc1ccccn1,O,-5.1308436
0,for_solvent_tsne,C=CCN(CC=C)CC=C,O,-1.9752973
0,for_solvent_tsne,OC/C=C\CO,O,-5.20197
0,for_solvent_tsne,CCCCCCCCCC=O,O,-4.0260344
0,for_solvent_tsne,C1CCCNCC1,O,-5.3728585
0,for_solvent_tsne,ClCC(Cl)CCl,O,-1.694761
0,for_solvent_tsne,OCCCc1ccccc1,O,-4.4233713
0,for_solvent_tsne,C1CCCCC1,O,-0.45941746
0,for_solvent_tsne,C1CCNCC1,O,-5.6047673
0,for_solvent_tsne,CCCCCCCCCCCCC,O,-0.30792382
0,for_solvent_tsne,CC(C)(C)OC(C)(C)C,O,-3.3521206
0,for_solvent_tsne,O=C(O)C1CC1,O,-7.05029
0,for_solvent_tsne,CCC(Cl)Cl,O,-1.8056015
0,for_solvent_tsne,CC1CO1,O,-3.9081192
0,for_solvent_tsne,SCCOCCS,O,-2.919622
0,for_solvent_tsne,C=C(C)C(=O)OCCCCCCCCCCCCCCCC,O,-2.5558221
0,for_solvent_tsne,P,O,-2.0398526
0,for_solvent_tsne,CCCCOCCOCCO,O,-4.156556
0,for_solvent_tsne,ClC(Cl)C(Cl)(Cl)Cl,O,-1.1986516
0,for_solvent_tsne,FC(F)OCC(F)(F)F,O,-2.5173502
0,for_solvent_tsne,CC(=O)CC(C)C,O,-3.7065809
0,for_solvent_tsne,CSSC,O,-1.9638114
0,for_solvent_tsne,CCCCOC(=O)c1ccc(C(=O)OCCCC)cc1,O,-2.7364964
0,for_solvent_tsne,COCCOCCOC,O,-4.52869
0,for_solvent_tsne,CCCCCCC(=O)O,O,-4.7095237
0,for_solvent_tsne,Cl/C=C\CCl,O,-2.1250684
0,for_solvent_tsne,CCCCCCOCC,O,-2.588096
0,for_solvent_tsne,CCCCCCS,O,-1.4657127
0,for_solvent_tsne,Cc1cccc(O)c1,O,-5.732304
0,for_solvent_tsne,C=O,O,-4.568245
0,for_solvent_tsne,ClCCCl,O,-2.3157578
0,for_solvent_tsne,CC(C)c1cc(C(C)C)cc(C(C)C)c1,O,-0.8549235
0,for_solvent_tsne,Cc1cc(C)c(C)c(C)c1,O,-1.0986948
0,for_solvent_tsne,CCC(O)C(C)CO,O,-5.452306
0,for_solvent_tsne,ClC(Cl)=C(Cl)C(Cl)=C(Cl)Cl,O,-1.0920764
0,for_solvent_tsne,CC(OC(C)c1ccccc1)c1ccccc1,O,-2.282253
0,for_solvent_tsne,OCCc1ccccc1,O,-4.756344
0,for_solvent_tsne,C=CCCCCCC(C)C,O,-0.6850726
0,for_solvent_tsne,CN(C)P(=O)(N(C)C)N(C)C,O,-6.296599
0,for_solvent_tsne,CCS,O,-2.6288166
0,for_solvent_tsne,CF,O,-2.9713304
0,for_solvent_tsne,CCC(C)CCCCCO,O,-3.5724578
0,for_solvent_tsne,CCCCl,O,-2.1261318
0,for_solvent_tsne,CN,O,-6.2944036
0,for_solvent_tsne,O=[N+][O-],O,-4.0175304
0,for_solvent_tsne,CCCC(C)CC,O,-0.4483686
0,for_solvent_tsne,C=CCOOC(C)(C)C,O,-3.40897
0,for_solvent_tsne,FC(Cl)(Cl)C(F)(Cl)Cl,O,-0.47172904
0,for_solvent_tsne,O=COC1CCCCC1,O,-4.2895494
0,for_solvent_tsne,C=C(C)CCCCCC,O,-0.7396942
0,for_solvent_tsne,BrC(Br)Br,O,-1.7562076
0,for_solvent_tsne,COC(=O)c1ccccc1O,O,-4.285761
0,for_solvent_tsne,FC(F)=C(F)F,O,-1.4249227
0,for_solvent_tsne,C1CCC2CCCCC2C1,O,-0.37888032
0,for_solvent_tsne,O=CC(Cl)Cl,O,-2.959668
0,for_solvent_tsne,CCOCCOCC,O,-3.726257
0,for_solvent_tsne,C=CC(=C)Cl,O,-1.6493404
0,for_solvent_tsne,CCCCOCC,O,-3.0123742
0,for_solvent_tsne,CC[N+](=O)[O-],O,-3.6045024
0,for_solvent_tsne,ClCOCCl,O,-3.4428935
0,for_solvent_tsne,COO,O,-5.887123
0,for_solvent_tsne,FCC(F)F,O,-2.4081452
0,for_solvent_tsne,NCCOCCO,O,-6.1414924
0,for_solvent_tsne,CC/C=C/C/C=C/C/C=C/CCCCCCCC(=O)O,O,-2.8778987
0,for_solvent_tsne,CCc1ccc(C)cc1C,O,-1.045586
